,Rent_Date,STA_LOC,Rent_Count,Yr_Mth,JIJACE_NM,ACC_CNT
0,2018-01-01,강남구,8765.0,2018-01-01 00:00:00,강남구,1.0
1,2018-01-01,강동구,5620.0,2018-01-01 00:00:00,강동구,4.0
2,2018-01-01,강북구,6066.0,0,0,0.0
3,2018-01-01,강서구,8577.0,2018-01-01 00:00:00,강서구,3.0
4,2018-01-01,관악구,4473.0,2018-01-01 00:00:00,관악구,3.0
5,2018-01-01,광진구,6587.0,2018-01-01 00:00:00,광진구,4.0
6,2018-01-01,구로구,10473.0,2018-01-01 00:00:00,구로구,2.0
7,2018-01-01,금천구,5947.0,0,0,0.0
8,2018-01-01,노원구,9432.0,2018-01-01 00:00:00,노원구,4.0
9,2018-01-01,도봉구,6327.0,2018-01-01 00:00:00,도봉구,2.0
10,2018-01-01,동대문구,1457.0,2018-01-01 00:00:00,동대문구,6.0
11,2018-01-01,동작구,2841.0,2018-01-01 00:00:00,동작구,3.0
12,2018-01-01,마포구,2787.0,0,0,0.0
13,2018-01-01,서대문구,7145.0,2018-01-01 00:00:00,서대문구,1.0
14,2018-01-01,서초구,12485.0,2018-01-01 00:00:00,서초구,2.0
15,2018-01-01,성동구,4098.0,2018-01-01 00:00:00,성동구,3.0
16,2018-01-01,성북구,7817.0,2018-01-01 00:00:00,성북구,1.0
17,2018-01-01,송파구,9033.0,2018-01-01 00:00:00,송파구,8.0
18,2018-01-01,양천구,5780.0,0,0,0.0
19,2018-01-01,영등포구,6547.0,2018-01-01 00:00:00,영등포구,7.0
20,2018-01-01,용산구,6043.0,0,0,0.0
21,2018-01-01,은평구,2298.0,2018-01-01 00:00:00,은평구,3.0
22,2018-01-01,종로구,10644.0,2018-01-01 00:00:00,종로구,1.0
23,2018-01-01,중구,6281.0,0,0,0.0
24,2018-01-01,중랑구,4604.0,2018-01-01 00:00:00,중랑구,4.0
25,2018-02-01,강남구,8615.0,2018-02-01 00:00:00,강남구,2.0
26,2018-02-01,강동구,5949.0,2018-02-01 00:00:00,강동구,5.0
27,2018-02-01,강북구,6199.0,0,0,0.0
28,2018-02-01,강서구,8769.0,2018-02-01 00:00:00,강서구,1.0
29,2018-02-01,관악구,4667.0,0,0,0.0
30,2018-02-01,광진구,6826.0,2018-02-01 00:00:00,광진구,4.0
31,2018-02-01,구로구,10213.0,2018-02-01 00:00:00,구로구,4.0
32,2018-02-01,금천구,5895.0,2018-02-01 00:00:00,금천구,2.0
33,2018-02-01,노원구,9175.0,2018-02-01 00:00:00,노원구,4.0
34,2018-02-01,도봉구,6379.0,2018-02-01 00:00:00,도봉구,3.0
35,2018-02-01,동대문구,1655.0,2018-02-01 00:00:00,동대문구,7.0
36,2018-02-01,동작구,3069.0,2018-02-01 00:00:00,동작구,3.0
37,2018-02-01,마포구,2962.0,2018-02-01 00:00:00,마포구,1.0
38,2018-02-01,서대문구,7819.0,2018-02-01 00:00:00,서대문구,1.0
39,2018-02-01,서초구,12794.0,2018-02-01 00:00:00,서초구,2.0
40,2018-02-01,성동구,4391.0,2018-02-01 00:00:00,성동구,1.0
41,2018-02-01,성북구,8297.0,2018-02-01 00:00:00,성북구,3.0
42,2018-02-01,송파구,9033.0,2018-02-01 00:00:00,송파구,9.0
43,2018-02-01,양천구,6195.0,2018-02-01 00:00:00,양천구,3.0
44,2018-02-01,영등포구,6850.0,2018-02-01 00:00:00,영등포구,5.0
45,2018-02-01,용산구,5962.0,0,0,0.0
46,2018-02-01,은평구,2394.0,2018-02-01 00:00:00,은평구,1.0
47,2018-02-01,종로구,11235.0,2018-02-01 00:00:00,종로구,2.0
48,2018-02-01,중구,6245.0,2018-02-01 00:00:00,중구,1.0
49,2018-02-01,중랑구,4772.0,2018-02-01 00:00:00,중랑구,4.0
50,2018-03-01,강남구,21729.0,2018-03-01 00:00:00,강남구,6.0
51,2018-03-01,강동구,16605.0,2018-03-01 00:00:00,강동구,4.0
52,2018-03-01,강북구,16483.0,2018-03-01 00:00:00,강북구,1.0
53,2018-03-01,강서구,26165.0,2018-03-01 00:00:00,강서구,2.0
54,2018-03-01,관악구,13156.0,0,0,0.0
55,2018-03-01,광진구,19469.0,2018-03-01 00:00:00,광진구,4.0
56,2018-03-01,구로구,25986.0,2018-03-01 00:00:00,구로구,6.0
57,2018-03-01,금천구,14720.0,2018-03-01 00:00:00,금천구,2.0
58,2018-03-01,노원구,24384.0,2018-03-01 00:00:00,노원구,8.0
59,2018-03-01,도봉구,16991.0,2018-03-01 00:00:00,도봉구,2.0
60,2018-03-01,동대문구,5218.0,2018-03-01 00:00:00,동대문구,7.0
61,2018-03-01,동작구,9076.0,2018-03-01 00:00:00,동작구,2.0
62,2018-03-01,마포구,8543.0,2018-03-01 00:00:00,마포구,2.0
63,2018-03-01,서대문구,23134.0,2018-03-01 00:00:00,서대문구,1.0
64,2018-03-01,서초구,33778.0,2018-03-01 00:00:00,서초구,3.0
65,2018-03-01,성동구,13979.0,2018-03-01 00:00:00,성동구,2.0
66,2018-03-01,성북구,23726.0,2018-03-01 00:00:00,성북구,2.0
67,2018-03-01,송파구,23677.0,2018-03-01 00:00:00,송파구,11.0
68,2018-03-01,양천구,17207.0,2018-03-01 00:00:00,양천구,5.0
69,2018-03-01,영등포구,17817.0,2018-03-01 00:00:00,영등포구,10.0
70,2018-03-01,용산구,13695.0,2018-03-01 00:00:00,용산구,2.0
71,2018-03-01,은평구,7976.0,2018-03-01 00:00:00,은평구,2.0
72,2018-03-01,종로구,30156.0,2018-03-01 00:00:00,종로구,3.0
73,2018-03-01,중구,19103.0,2018-03-01 00:00:00,중구,1.0
74,2018-03-01,중랑구,12833.0,2018-03-01 00:00:00,중랑구,6.0
75,2018-04-01,강남구,29194.0,2018-04-01 00:00:00,강남구,4.0
76,2018-04-01,강동구,26099.0,2018-04-01 00:00:00,강동구,7.0
77,2018-04-01,강북구,23093.0,2018-04-01 00:00:00,강북구,2.0
78,2018-04-01,강서구,38989.0,2018-04-01 00:00:00,강서구,4.0
79,2018-04-01,관악구,20069.0,2018-04-01 00:00:00,관악구,3.0
80,2018-04-01,광진구,25230.0,2018-04-01 00:00:00,광진구,7.0
81,2018-04-01,구로구,39216.0,2018-04-01 00:00:00,구로구,1.0
82,2018-04-01,금천구,21899.0,2018-04-01 00:00:00,금천구,5.0
83,2018-04-01,노원구,35554.0,2018-04-01 00:00:00,노원구,6.0
84,2018-04-01,도봉구,23563.0,2018-04-01 00:00:00,도봉구,6.0
85,2018-04-01,동대문구,9443.0,2018-04-01 00:00:00,동대문구,8.0
86,2018-04-01,동작구,12162.0,2018-04-01 00:00:00,동작구,7.0
87,2018-04-01,마포구,17372.0,2018-04-01 00:00:00,마포구,2.0
88,2018-04-01,서대문구,33568.0,2018-04-01 00:00:00,서대문구,8.0
89,2018-04-01,서초구,45646.0,2018-04-01 00:00:00,서초구,2.0
90,2018-04-01,성동구,20554.0,2018-04-01 00:00:00,성동구,4.0
91,2018-04-01,성북구,32926.0,2018-04-01 00:00:00,성북구,4.0
92,2018-04-01,송파구,34720.0,2018-04-01 00:00:00,송파구,13.0
93,2018-04-01,양천구,25002.0,2018-04-01 00:00:00,양천구,5.0
94,2018-04-01,영등포구,24834.0,2018-04-01 00:00:00,영등포구,18.0
95,2018-04-01,용산구,18050.0,2018-04-01 00:00:00,용산구,4.0
96,2018-04-01,은평구,12148.0,2018-04-01 00:00:00,은평구,5.0
97,2018-04-01,종로구,40028.0,0,0,0.0
98,2018-04-01,중구,27516.0,2018-04-01 00:00:00,중구,1.0
99,2018-04-01,중랑구,16668.0,2018-04-01 00:00:00,중랑구,3.0
100,2018-05-01,강남구,36944.0,2018-05-01 00:00:00,강남구,7.0
101,2018-05-01,강동구,35984.0,2018-05-01 00:00:00,강동구,8.0
102,2018-05-01,강북구,30192.0,2018-05-01 00:00:00,강북구,2.0
103,2018-05-01,강서구,55925.0,2018-05-01 00:00:00,강서구,6.0
104,2018-05-01,관악구,25465.0,2018-05-01 00:00:00,관악구,4.0
105,2018-05-01,광진구,34170.0,2018-05-01 00:00:00,광진구,5.0
106,2018-05-01,구로구,51035.0,2018-05-01 00:00:00,구로구,5.0
107,2018-05-01,금천구,28157.0,2018-05-01 00:00:00,금천구,1.0
108,2018-05-01,노원구,49000.0,2018-05-01 00:00:00,노원구,9.0
109,2018-05-01,도봉구,32034.0,2018-05-01 00:00:00,도봉구,6.0
110,2018-05-01,동대문구,15568.0,2018-05-01 00:00:00,동대문구,14.0
111,2018-05-01,동작구,16322.0,2018-05-01 00:00:00,동작구,5.0
112,2018-05-01,마포구,29881.0,2018-05-01 00:00:00,마포구,3.0
113,2018-05-01,서대문구,50036.0,2018-05-01 00:00:00,서대문구,2.0
114,2018-05-01,서초구,60974.0,2018-05-01 00:00:00,서초구,2.0
115,2018-05-01,성동구,29602.0,2018-05-01 00:00:00,성동구,7.0
116,2018-05-01,성북구,43888.0,2018-05-01 00:00:00,성북구,5.0
117,2018-05-01,송파구,52114.0,2018-05-01 00:00:00,송파구,17.0
118,2018-05-01,양천구,34489.0,2018-05-01 00:00:00,양천구,6.0
119,2018-05-01,영등포구,33235.0,2018-05-01 00:00:00,영등포구,13.0
120,2018-05-01,용산구,23595.0,2018-05-01 00:00:00,용산구,3.0
121,2018-05-01,은평구,21692.0,2018-05-01 00:00:00,은평구,3.0
122,2018-05-01,종로구,53640.0,2018-05-01 00:00:00,종로구,1.0
123,2018-05-01,중구,39047.0,2018-05-01 00:00:00,중구,5.0
124,2018-05-01,중랑구,22200.0,2018-05-01 00:00:00,중랑구,7.0
125,2018-06-01,강남구,49213.0,2018-06-01 00:00:00,강남구,12.0
126,2018-06-01,강동구,44996.0,2018-06-01 00:00:00,강동구,12.0
127,2018-06-01,강북구,38927.0,2018-06-01 00:00:00,강북구,8.0
128,2018-06-01,강서구,75916.0,2018-06-01 00:00:00,강서구,8.0
129,2018-06-01,관악구,33088.0,2018-06-01 00:00:00,관악구,3.0
130,2018-06-01,광진구,44138.0,2018-06-01 00:00:00,광진구,10.0
131,2018-06-01,구로구,62711.0,2018-06-01 00:00:00,구로구,7.0
132,2018-06-01,금천구,37058.0,2018-06-01 00:00:00,금천구,4.0
133,2018-06-01,노원구,62864.0,2018-06-01 00:00:00,노원구,10.0
134,2018-06-01,도봉구,41396.0,2018-06-01 00:00:00,도봉구,3.0
135,2018-06-01,동대문구,21814.0,2018-06-01 00:00:00,동대문구,17.0
136,2018-06-01,동작구,19938.0,2018-06-01 00:00:00,동작구,9.0
137,2018-06-01,마포구,43449.0,2018-06-01 00:00:00,마포구,4.0
138,2018-06-01,서대문구,66523.0,2018-06-01 00:00:00,서대문구,6.0
139,2018-06-01,서초구,78612.0,2018-06-01 00:00:00,서초구,4.0
140,2018-06-01,성동구,36981.0,2018-06-01 00:00:00,성동구,8.0
141,2018-06-01,성북구,53202.0,2018-06-01 00:00:00,성북구,4.0
142,2018-06-01,송파구,69049.0,2018-06-01 00:00:00,송파구,32.0
143,2018-06-01,양천구,45947.0,2018-06-01 00:00:00,양천구,5.0
144,2018-06-01,영등포구,44295.0,2018-06-01 00:00:00,영등포구,15.0
145,2018-06-01,용산구,31364.0,2018-06-01 00:00:00,용산구,7.0
146,2018-06-01,은평구,29994.0,2018-06-01 00:00:00,은평구,7.0
147,2018-06-01,종로구,65989.0,2018-06-01 00:00:00,종로구,3.0
148,2018-06-01,중구,47544.0,2018-06-01 00:00:00,중구,1.0
149,2018-06-01,중랑구,29640.0,2018-06-01 00:00:00,중랑구,7.0
150,2018-07-01,강남구,44392.0,2018-07-01 00:00:00,강남구,5.0
151,2018-07-01,강동구,40198.0,2018-07-01 00:00:00,강동구,2.0
152,2018-07-01,강북구,35679.0,2018-07-01 00:00:00,강북구,5.0
153,2018-07-01,강서구,69375.0,2018-07-01 00:00:00,강서구,8.0
154,2018-07-01,관악구,29659.0,0,0,0.0
155,2018-07-01,광진구,39483.0,2018-07-01 00:00:00,광진구,5.0
156,2018-07-01,구로구,59757.0,2018-07-01 00:00:00,구로구,6.0
157,2018-07-01,금천구,35255.0,2018-07-01 00:00:00,금천구,3.0
158,2018-07-01,노원구,57211.0,2018-07-01 00:00:00,노원구,7.0
159,2018-07-01,도봉구,38257.0,2018-07-01 00:00:00,도봉구,2.0
160,2018-07-01,동대문구,19840.0,2018-07-01 00:00:00,동대문구,9.0
161,2018-07-01,동작구,17998.0,2018-07-01 00:00:00,동작구,5.0
162,2018-07-01,마포구,40528.0,2018-07-01 00:00:00,마포구,3.0
163,2018-07-01,서대문구,57002.0,2018-07-01 00:00:00,서대문구,5.0
164,2018-07-01,서초구,69645.0,2018-07-01 00:00:00,서초구,2.0
165,2018-07-01,성동구,33429.0,2018-07-01 00:00:00,성동구,3.0
166,2018-07-01,성북구,47474.0,2018-07-01 00:00:00,성북구,2.0
167,2018-07-01,송파구,64907.0,2018-07-01 00:00:00,송파구,16.0
168,2018-07-01,양천구,42175.0,2018-07-01 00:00:00,양천구,5.0
169,2018-07-01,영등포구,41451.0,2018-07-01 00:00:00,영등포구,24.0
170,2018-07-01,용산구,29791.0,2018-07-01 00:00:00,용산구,4.0
171,2018-07-01,은평구,26485.0,2018-07-01 00:00:00,은평구,8.0
172,2018-07-01,종로구,59425.0,2018-07-01 00:00:00,종로구,1.0
173,2018-07-01,중구,43928.0,2018-07-01 00:00:00,중구,1.0
174,2018-07-01,중랑구,26883.0,2018-07-01 00:00:00,중랑구,10.0
175,2018-08-01,강남구,41451.0,2018-08-01 00:00:00,강남구,3.0
176,2018-08-01,강동구,38252.0,2018-08-01 00:00:00,강동구,4.0
177,2018-08-01,강북구,34082.0,2018-08-01 00:00:00,강북구,7.0
178,2018-08-01,강서구,66855.0,2018-08-01 00:00:00,강서구,9.0
179,2018-08-01,관악구,26917.0,2018-08-01 00:00:00,관악구,1.0
180,2018-08-01,광진구,36171.0,2018-08-01 00:00:00,광진구,4.0
181,2018-08-01,구로구,57958.0,2018-08-01 00:00:00,구로구,4.0
182,2018-08-01,금천구,33603.0,2018-08-01 00:00:00,금천구,3.0
183,2018-08-01,노원구,53271.0,2018-08-01 00:00:00,노원구,9.0
184,2018-08-01,도봉구,35185.0,2018-08-01 00:00:00,도봉구,6.0
185,2018-08-01,동대문구,18680.0,2018-08-01 00:00:00,동대문구,7.0
186,2018-08-01,동작구,16836.0,2018-08-01 00:00:00,동작구,5.0
187,2018-08-01,마포구,36818.0,2018-08-01 00:00:00,마포구,7.0
188,2018-08-01,서대문구,53293.0,2018-08-01 00:00:00,서대문구,2.0
189,2018-08-01,서초구,66600.0,2018-08-01 00:00:00,서초구,4.0
190,2018-08-01,성동구,31987.0,2018-08-01 00:00:00,성동구,5.0
191,2018-08-01,성북구,45270.0,2018-08-01 00:00:00,성북구,4.0
192,2018-08-01,송파구,61006.0,2018-08-01 00:00:00,송파구,13.0
193,2018-08-01,양천구,38821.0,2018-08-01 00:00:00,양천구,2.0
194,2018-08-01,영등포구,38218.0,2018-08-01 00:00:00,영등포구,11.0
195,2018-08-01,용산구,28904.0,2018-08-01 00:00:00,용산구,2.0
196,2018-08-01,은평구,24778.0,2018-08-01 00:00:00,은평구,5.0
197,2018-08-01,종로구,56722.0,2018-08-01 00:00:00,종로구,3.0
198,2018-08-01,중구,41845.0,0,0,0.0
199,2018-08-01,중랑구,25177.0,2018-08-01 00:00:00,중랑구,5.0
200,2018-09-01,강남구,55691.0,2018-09-01 00:00:00,강남구,10.0
201,2018-09-01,강동구,53292.0,2018-09-01 00:00:00,강동구,2.0
202,2018-09-01,강북구,46081.0,2018-09-01 00:00:00,강북구,6.0
203,2018-09-01,강서구,97086.0,2018-09-01 00:00:00,강서구,4.0
204,2018-09-01,관악구,38957.0,2018-09-01 00:00:00,관악구,3.0
205,2018-09-01,광진구,50582.0,2018-09-01 00:00:00,광진구,6.0
206,2018-09-01,구로구,76856.0,2018-09-01 00:00:00,구로구,5.0
207,2018-09-01,금천구,42158.0,2018-09-01 00:00:00,금천구,1.0
208,2018-09-01,노원구,74877.0,2018-09-01 00:00:00,노원구,9.0
209,2018-09-01,도봉구,47608.0,2018-09-01 00:00:00,도봉구,6.0
210,2018-09-01,동대문구,31451.0,2018-09-01 00:00:00,동대문구,11.0
211,2018-09-01,동작구,23253.0,2018-09-01 00:00:00,동작구,8.0
212,2018-09-01,마포구,51663.0,2018-09-01 00:00:00,마포구,7.0
213,2018-09-01,서대문구,81267.0,2018-09-01 00:00:00,서대문구,3.0
214,2018-09-01,서초구,88996.0,2018-09-01 00:00:00,서초구,5.0
215,2018-09-01,성동구,45406.0,2018-09-01 00:00:00,성동구,6.0
216,2018-09-01,성북구,62873.0,2018-09-01 00:00:00,성북구,6.0
217,2018-09-01,송파구,84968.0,2018-09-01 00:00:00,송파구,17.0
218,2018-09-01,양천구,55747.0,2018-09-01 00:00:00,양천구,3.0
219,2018-09-01,영등포구,50048.0,2018-09-01 00:00:00,영등포구,26.0
220,2018-09-01,용산구,35987.0,2018-09-01 00:00:00,용산구,2.0
221,2018-09-01,은평구,38415.0,2018-09-01 00:00:00,은평구,10.0
222,2018-09-01,종로구,77643.0,2018-09-01 00:00:00,종로구,3.0
223,2018-09-01,중구,61638.0,2018-09-01 00:00:00,중구,1.0
224,2018-09-01,중랑구,34610.0,2018-09-01 00:00:00,중랑구,11.0
225,2018-10-01,강남구,54780.0,2018-10-01 00:00:00,강남구,3.0
226,2018-10-01,강동구,49952.0,2018-10-01 00:00:00,강동구,7.0
227,2018-10-01,강북구,43940.0,2018-10-01 00:00:00,강북구,6.0
228,2018-10-01,강서구,96488.0,2018-10-01 00:00:00,강서구,7.0
229,2018-10-01,관악구,35737.0,2018-10-01 00:00:00,관악구,4.0
230,2018-10-01,광진구,50579.0,2018-10-01 00:00:00,광진구,9.0
231,2018-10-01,구로구,73188.0,2018-10-01 00:00:00,구로구,7.0
232,2018-10-01,금천구,42391.0,2018-10-01 00:00:00,금천구,2.0
233,2018-10-01,노원구,73301.0,2018-10-01 00:00:00,노원구,10.0
234,2018-10-01,도봉구,49670.0,2018-10-01 00:00:00,도봉구,4.0
235,2018-10-01,동대문구,34867.0,2018-10-01 00:00:00,동대문구,8.0
236,2018-10-01,동작구,22136.0,2018-10-01 00:00:00,동작구,9.0
237,2018-10-01,마포구,53449.0,2018-10-01 00:00:00,마포구,5.0
238,2018-10-01,서대문구,77465.0,2018-10-01 00:00:00,서대문구,1.0
239,2018-10-01,서초구,84091.0,2018-10-01 00:00:00,서초구,4.0
240,2018-10-01,성동구,43680.0,2018-10-01 00:00:00,성동구,6.0
241,2018-10-01,성북구,58165.0,2018-10-01 00:00:00,성북구,2.0
242,2018-10-01,송파구,84221.0,2018-10-01 00:00:00,송파구,19.0
243,2018-10-01,양천구,53761.0,2018-10-01 00:00:00,양천구,6.0
244,2018-10-01,영등포구,50649.0,2018-10-01 00:00:00,영등포구,18.0
245,2018-10-01,용산구,38985.0,0,0,0.0
246,2018-10-01,은평구,37352.0,2018-10-01 00:00:00,은평구,2.0
247,2018-10-01,종로구,77822.0,2018-10-01 00:00:00,종로구,3.0
248,2018-10-01,중구,58017.0,2018-10-01 00:00:00,중구,1.0
249,2018-10-01,중랑구,35271.0,2018-10-01 00:00:00,중랑구,11.0
250,2018-11-01,강남구,39404.0,2018-11-01 00:00:00,강남구,4.0
251,2018-11-01,강동구,30726.0,2018-11-01 00:00:00,강동구,8.0
252,2018-11-01,강북구,28595.0,2018-11-01 00:00:00,강북구,3.0
253,2018-11-01,강서구,63497.0,2018-11-01 00:00:00,강서구,6.0
254,2018-11-01,관악구,23261.0,2018-11-01 00:00:00,관악구,3.0
255,2018-11-01,광진구,33456.0,2018-11-01 00:00:00,광진구,8.0
256,2018-11-01,구로구,49440.0,2018-11-01 00:00:00,구로구,3.0
257,2018-11-01,금천구,29926.0,2018-11-01 00:00:00,금천구,1.0
258,2018-11-01,노원구,48844.0,2018-11-01 00:00:00,노원구,5.0
259,2018-11-01,도봉구,34487.0,2018-11-01 00:00:00,도봉구,4.0
260,2018-11-01,동대문구,25521.0,2018-11-01 00:00:00,동대문구,7.0
261,2018-11-01,동작구,15900.0,2018-11-01 00:00:00,동작구,3.0
262,2018-11-01,마포구,34545.0,2018-11-01 00:00:00,마포구,7.0
263,2018-11-01,서대문구,49562.0,0,0,0.0
264,2018-11-01,서초구,54144.0,2018-11-01 00:00:00,서초구,4.0
265,2018-11-01,성동구,32262.0,2018-11-01 00:00:00,성동구,2.0
266,2018-11-01,성북구,38169.0,2018-11-01 00:00:00,성북구,5.0
267,2018-11-01,송파구,61214.0,2018-11-01 00:00:00,송파구,13.0
268,2018-11-01,양천구,32816.0,2018-11-01 00:00:00,양천구,2.0
269,2018-11-01,영등포구,34330.0,2018-11-01 00:00:00,영등포구,11.0
270,2018-11-01,용산구,30420.0,0,0,0.0
271,2018-11-01,은평구,22462.0,2018-11-01 00:00:00,은평구,3.0
272,2018-11-01,종로구,52640.0,2018-11-01 00:00:00,종로구,1.0
273,2018-11-01,중구,36496.0,2018-11-01 00:00:00,중구,2.0
274,2018-11-01,중랑구,26301.0,2018-11-01 00:00:00,중랑구,5.0
275,2018-12-01,강남구,21326.0,2018-12-01 00:00:00,강남구,2.0
276,2018-12-01,강동구,16112.0,2018-12-01 00:00:00,강동구,3.0
277,2018-12-01,강북구,14835.0,2018-12-01 00:00:00,강북구,1.0
278,2018-12-01,강서구,32023.0,2018-12-01 00:00:00,강서구,1.0
279,2018-12-01,관악구,12599.0,2018-12-01 00:00:00,관악구,1.0
280,2018-12-01,광진구,17041.0,2018-12-01 00:00:00,광진구,4.0
281,2018-12-01,구로구,25983.0,2018-12-01 00:00:00,구로구,3.0
282,2018-12-01,금천구,16742.0,2018-12-01 00:00:00,금천구,1.0
283,2018-12-01,노원구,26108.0,2018-12-01 00:00:00,노원구,5.0
284,2018-12-01,도봉구,18411.0,2018-12-01 00:00:00,도봉구,1.0
285,2018-12-01,동대문구,13434.0,2018-12-01 00:00:00,동대문구,4.0
286,2018-12-01,동작구,8352.0,2018-12-01 00:00:00,동작구,4.0
287,2018-12-01,마포구,17056.0,2018-12-01 00:00:00,마포구,4.0
288,2018-12-01,서대문구,24253.0,0,0,0.0
289,2018-12-01,서초구,28675.0,2018-12-01 00:00:00,서초구,2.0
290,2018-12-01,성동구,16469.0,0,0,0.0
291,2018-12-01,성북구,19498.0,2018-12-01 00:00:00,성북구,3.0
292,2018-12-01,송파구,33671.0,2018-12-01 00:00:00,송파구,10.0
293,2018-12-01,양천구,17050.0,2018-12-01 00:00:00,양천구,4.0
294,2018-12-01,영등포구,17224.0,2018-12-01 00:00:00,영등포구,3.0
295,2018-12-01,용산구,17455.0,2018-12-01 00:00:00,용산구,2.0
296,2018-12-01,은평구,9996.0,2018-12-01 00:00:00,은평구,2.0
297,2018-12-01,종로구,26542.0,0,0,0.0
298,2018-12-01,중구,19352.0,0,0,0.0
299,2018-12-01,중랑구,13812.0,2018-12-01 00:00:00,중랑구,5.0
300,2019-01-01,강남구,21945.0,2019-01-01 00:00:00,강남구,4.0
301,2019-01-01,강동구,15624.0,2019-01-01 00:00:00,강동구,5.0
302,2019-01-01,강북구,13847.0,2019-01-01 00:00:00,강북구,1.0
303,2019-01-01,강서구,30570.0,2019-01-01 00:00:00,강서구,4.0
304,2019-01-01,관악구,11830.0,2019-01-01 00:00:00,관악구,3.0
305,2019-01-01,광진구,16137.0,0,0,0.0
306,2019-01-01,구로구,26027.0,2019-01-01 00:00:00,구로구,2.0
307,2019-01-01,금천구,17139.0,2019-01-01 00:00:00,금천구,3.0
308,2019-01-01,노원구,24915.0,2019-01-01 00:00:00,노원구,7.0
309,2019-01-01,도봉구,17804.0,2019-01-01 00:00:00,도봉구,4.0
310,2019-01-01,동대문구,13476.0,2019-01-01 00:00:00,동대문구,5.0
311,2019-01-01,동작구,7722.0,0,0,0.0
312,2019-01-01,마포구,17492.0,2019-01-01 00:00:00,마포구,1.0
313,2019-01-01,서대문구,23009.0,2019-01-01 00:00:00,서대문구,3.0
314,2019-01-01,서초구,27514.0,2019-01-01 00:00:00,서초구,2.0
315,2019-01-01,성동구,14865.0,2019-01-01 00:00:00,성동구,4.0
316,2019-01-01,성북구,20622.0,0,0,0.0
317,2019-01-01,송파구,35403.0,2019-01-01 00:00:00,송파구,4.0
318,2019-01-01,양천구,16638.0,2019-01-01 00:00:00,양천구,1.0
319,2019-01-01,영등포구,17675.0,2019-01-01 00:00:00,영등포구,9.0
320,2019-01-01,용산구,19370.0,0,0,0.0
321,2019-01-01,은평구,9575.0,2019-01-01 00:00:00,은평구,2.0
322,2019-01-01,종로구,26384.0,2019-01-01 00:00:00,종로구,2.0
323,2019-01-01,중구,19035.0,2019-01-01 00:00:00,중구,1.0
324,2019-01-01,중랑구,12980.0,2019-01-01 00:00:00,중랑구,5.0
325,2019-02-01,강남구,20918.0,2019-02-01 00:00:00,강남구,1.0
326,2019-02-01,강동구,14655.0,2019-02-01 00:00:00,강동구,1.0
327,2019-02-01,강북구,13149.0,2019-02-01 00:00:00,강북구,1.0
328,2019-02-01,강서구,28622.0,2019-02-01 00:00:00,강서구,6.0
329,2019-02-01,관악구,10958.0,2019-02-01 00:00:00,관악구,2.0
330,2019-02-01,광진구,15199.0,2019-02-01 00:00:00,광진구,3.0
331,2019-02-01,구로구,23145.0,2019-02-01 00:00:00,구로구,2.0
332,2019-02-01,금천구,15686.0,2019-02-01 00:00:00,금천구,1.0
333,2019-02-01,노원구,22572.0,2019-02-01 00:00:00,노원구,3.0
334,2019-02-01,도봉구,16493.0,2019-02-01 00:00:00,도봉구,3.0
335,2019-02-01,동대문구,13422.0,2019-02-01 00:00:00,동대문구,3.0
336,2019-02-01,동작구,7362.0,2019-02-01 00:00:00,동작구,3.0
337,2019-02-01,마포구,17331.0,2019-02-01 00:00:00,마포구,1.0
338,2019-02-01,서대문구,21670.0,2019-02-01 00:00:00,서대문구,1.0
339,2019-02-01,서초구,26334.0,0,0,0.0
340,2019-02-01,성동구,14278.0,2019-02-01 00:00:00,성동구,4.0
341,2019-02-01,성북구,19447.0,0,0,0.0
342,2019-02-01,송파구,35415.0,2019-02-01 00:00:00,송파구,9.0
343,2019-02-01,양천구,16193.0,2019-02-01 00:00:00,양천구,2.0
344,2019-02-01,영등포구,17077.0,2019-02-01 00:00:00,영등포구,6.0
345,2019-02-01,용산구,18298.0,0,0,0.0
346,2019-02-01,은평구,9792.0,2019-02-01 00:00:00,은평구,6.0
347,2019-02-01,종로구,24859.0,2019-02-01 00:00:00,종로구,1.0
348,2019-02-01,중구,18718.0,2019-02-01 00:00:00,중구,1.0
349,2019-02-01,중랑구,12587.0,2019-02-01 00:00:00,중랑구,4.0
350,2019-03-01,강남구,39238.0,2019-03-01 00:00:00,강남구,5.0
351,2019-03-01,강동구,27845.0,2019-03-01 00:00:00,강동구,3.0
352,2019-03-01,강북구,24721.0,2019-03-01 00:00:00,강북구,3.0
353,2019-03-01,강서구,54538.0,2019-03-01 00:00:00,강서구,2.0
354,2019-03-01,관악구,20997.0,2019-03-01 00:00:00,관악구,1.0
355,2019-03-01,광진구,29454.0,2019-03-01 00:00:00,광진구,2.0
356,2019-03-01,구로구,43393.0,2019-03-01 00:00:00,구로구,7.0
357,2019-03-01,금천구,29431.0,2019-03-01 00:00:00,금천구,2.0
358,2019-03-01,노원구,44751.0,2019-03-01 00:00:00,노원구,8.0
359,2019-03-01,도봉구,31864.0,2019-03-01 00:00:00,도봉구,5.0
360,2019-03-01,동대문구,25546.0,2019-03-01 00:00:00,동대문구,5.0
361,2019-03-01,동작구,14528.0,2019-03-01 00:00:00,동작구,3.0
362,2019-03-01,마포구,34196.0,2019-03-01 00:00:00,마포구,3.0
363,2019-03-01,서대문구,42043.0,2019-03-01 00:00:00,서대문구,2.0
364,2019-03-01,서초구,49468.0,2019-03-01 00:00:00,서초구,4.0
365,2019-03-01,성동구,30087.0,2019-03-01 00:00:00,성동구,2.0
366,2019-03-01,성북구,37597.0,2019-03-01 00:00:00,성북구,3.0
367,2019-03-01,송파구,66547.0,2019-03-01 00:00:00,송파구,16.0
368,2019-03-01,양천구,31486.0,2019-03-01 00:00:00,양천구,4.0
369,2019-03-01,영등포구,31918.0,2019-03-01 00:00:00,영등포구,16.0
370,2019-03-01,용산구,33272.0,0,0,0.0
371,2019-03-01,은평구,18526.0,2019-03-01 00:00:00,은평구,3.0
372,2019-03-01,종로구,47179.0,2019-03-01 00:00:00,종로구,2.0
373,2019-03-01,중구,36177.0,2019-03-01 00:00:00,중구,2.0
374,2019-03-01,중랑구,23971.0,2019-03-01 00:00:00,중랑구,6.0
375,2019-04-01,강남구,63133.0,2019-04-01 00:00:00,강남구,5.0
376,2019-04-01,강동구,44781.0,2019-04-01 00:00:00,강동구,8.0
377,2019-04-01,강북구,39736.0,0,0,0.0
378,2019-04-01,강서구,90133.0,2019-04-01 00:00:00,강서구,2.0
379,2019-04-01,관악구,34264.0,2019-04-01 00:00:00,관악구,5.0
380,2019-04-01,광진구,45958.0,2019-04-01 00:00:00,광진구,10.0
381,2019-04-01,구로구,71414.0,2019-04-01 00:00:00,구로구,10.0
382,2019-04-01,금천구,45845.0,2019-04-01 00:00:00,금천구,4.0
383,2019-04-01,노원구,71340.0,2019-04-01 00:00:00,노원구,10.0
384,2019-04-01,도봉구,51191.0,2019-04-01 00:00:00,도봉구,2.0
385,2019-04-01,동대문구,42104.0,2019-04-01 00:00:00,동대문구,9.0
386,2019-04-01,동작구,22955.0,2019-04-01 00:00:00,동작구,4.0
387,2019-04-01,마포구,57313.0,2019-04-01 00:00:00,마포구,1.0
388,2019-04-01,서대문구,69156.0,2019-04-01 00:00:00,서대문구,3.0
389,2019-04-01,서초구,78783.0,2019-04-01 00:00:00,서초구,4.0
390,2019-04-01,성동구,47606.0,2019-04-01 00:00:00,성동구,5.0
391,2019-04-01,성북구,64070.0,2019-04-01 00:00:00,성북구,6.0
392,2019-04-01,송파구,108833.0,2019-04-01 00:00:00,송파구,15.0
393,2019-04-01,양천구,50913.0,2019-04-01 00:00:00,양천구,6.0
394,2019-04-01,영등포구,51723.0,2019-04-01 00:00:00,영등포구,23.0
395,2019-04-01,용산구,53208.0,2019-04-01 00:00:00,용산구,3.0
396,2019-04-01,은평구,32685.0,2019-04-01 00:00:00,은평구,2.0
397,2019-04-01,종로구,77006.0,2019-04-01 00:00:00,종로구,2.0
398,2019-04-01,중구,60178.0,2019-04-01 00:00:00,중구,3.0
399,2019-04-01,중랑구,36408.0,2019-04-01 00:00:00,중랑구,8.0
400,2019-05-01,강남구,90864.0,2019-05-01 00:00:00,강남구,7.0
401,2019-05-01,강동구,65280.0,2019-05-01 00:00:00,강동구,5.0
402,2019-05-01,강북구,58809.0,2019-05-01 00:00:00,강북구,10.0
403,2019-05-01,강서구,135306.0,2019-05-01 00:00:00,강서구,3.0
404,2019-05-01,관악구,53812.0,2019-05-01 00:00:00,관악구,4.0
405,2019-05-01,광진구,67010.0,2019-05-01 00:00:00,광진구,6.0
406,2019-05-01,구로구,99707.0,2019-05-01 00:00:00,구로구,8.0
407,2019-05-01,금천구,66980.0,2019-05-01 00:00:00,금천구,5.0
408,2019-05-01,노원구,101887.0,2019-05-01 00:00:00,노원구,14.0
409,2019-05-01,도봉구,77098.0,2019-05-01 00:00:00,도봉구,10.0
410,2019-05-01,동대문구,63119.0,2019-05-01 00:00:00,동대문구,11.0
411,2019-05-01,동작구,33353.0,2019-05-01 00:00:00,동작구,8.0
412,2019-05-01,마포구,90888.0,2019-05-01 00:00:00,마포구,6.0
413,2019-05-01,서대문구,103008.0,2019-05-01 00:00:00,서대문구,2.0
414,2019-05-01,서초구,114151.0,2019-05-01 00:00:00,서초구,4.0
415,2019-05-01,성동구,68518.0,2019-05-01 00:00:00,성동구,7.0
416,2019-05-01,성북구,87550.0,2019-05-01 00:00:00,성북구,11.0
417,2019-05-01,송파구,161128.0,2019-05-01 00:00:00,송파구,27.0
418,2019-05-01,양천구,74642.0,2019-05-01 00:00:00,양천구,9.0
419,2019-05-01,영등포구,73864.0,2019-05-01 00:00:00,영등포구,21.0
420,2019-05-01,용산구,76710.0,2019-05-01 00:00:00,용산구,5.0
421,2019-05-01,은평구,49864.0,2019-05-01 00:00:00,은평구,8.0
422,2019-05-01,종로구,110836.0,2019-05-01 00:00:00,종로구,2.0
423,2019-05-01,중구,90628.0,2019-05-01 00:00:00,중구,2.0
424,2019-05-01,중랑구,50565.0,2019-05-01 00:00:00,중랑구,12.0
425,2019-06-01,강남구,99852.0,2019-06-01 00:00:00,강남구,11.0
426,2019-06-01,강동구,69340.0,2019-06-01 00:00:00,강동구,10.0
427,2019-06-01,강북구,63560.0,2019-06-01 00:00:00,강북구,11.0
428,2019-06-01,강서구,145832.0,2019-06-01 00:00:00,강서구,8.0
429,2019-06-01,관악구,55762.0,2019-06-01 00:00:00,관악구,6.0
430,2019-06-01,광진구,71396.0,2019-06-01 00:00:00,광진구,12.0
431,2019-06-01,구로구,102959.0,2019-06-01 00:00:00,구로구,9.0
432,2019-06-01,금천구,74240.0,2019-06-01 00:00:00,금천구,4.0
433,2019-06-01,노원구,107616.0,2019-06-01 00:00:00,노원구,13.0
434,2019-06-01,도봉구,85553.0,2019-06-01 00:00:00,도봉구,11.0
435,2019-06-01,동대문구,64474.0,2019-06-01 00:00:00,동대문구,9.0
436,2019-06-01,동작구,34524.0,2019-06-01 00:00:00,동작구,4.0
437,2019-06-01,마포구,103526.0,2019-06-01 00:00:00,마포구,5.0
438,2019-06-01,서대문구,108159.0,2019-06-01 00:00:00,서대문구,4.0
439,2019-06-01,서초구,121304.0,2019-06-01 00:00:00,서초구,6.0
440,2019-06-01,성동구,72241.0,2019-06-01 00:00:00,성동구,9.0
441,2019-06-01,성북구,87318.0,2019-06-01 00:00:00,성북구,3.0
442,2019-06-01,송파구,175030.0,2019-06-01 00:00:00,송파구,29.0
443,2019-06-01,양천구,79596.0,2019-06-01 00:00:00,양천구,10.0
444,2019-06-01,영등포구,78593.0,2019-06-01 00:00:00,영등포구,22.0
445,2019-06-01,용산구,83873.0,2019-06-01 00:00:00,용산구,3.0
446,2019-06-01,은평구,52104.0,2019-06-01 00:00:00,은평구,10.0
447,2019-06-01,종로구,117238.0,2019-06-01 00:00:00,종로구,1.0
448,2019-06-01,중구,95715.0,0,0,0.0
449,2019-06-01,중랑구,56231.0,2019-06-01 00:00:00,중랑구,9.0
450,2019-07-01,강남구,96011.0,2019-07-01 00:00:00,강남구,8.0
451,2019-07-01,강동구,64058.0,2019-07-01 00:00:00,강동구,11.0
452,2019-07-01,강북구,59418.0,2019-07-01 00:00:00,강북구,8.0
453,2019-07-01,강서구,138794.0,2019-07-01 00:00:00,강서구,3.0
454,2019-07-01,관악구,53775.0,2019-07-01 00:00:00,관악구,3.0
455,2019-07-01,광진구,66065.0,2019-07-01 00:00:00,광진구,8.0
456,2019-07-01,구로구,98443.0,2019-07-01 00:00:00,구로구,4.0
457,2019-07-01,금천구,72412.0,2019-07-01 00:00:00,금천구,4.0
458,2019-07-01,노원구,99498.0,2019-07-01 00:00:00,노원구,11.0
459,2019-07-01,도봉구,82273.0,2019-07-01 00:00:00,도봉구,4.0
460,2019-07-01,동대문구,62779.0,2019-07-01 00:00:00,동대문구,12.0
461,2019-07-01,동작구,33314.0,2019-07-01 00:00:00,동작구,4.0
462,2019-07-01,마포구,97289.0,2019-07-01 00:00:00,마포구,6.0
463,2019-07-01,서대문구,100574.0,2019-07-01 00:00:00,서대문구,11.0
464,2019-07-01,서초구,113520.0,2019-07-01 00:00:00,서초구,3.0
465,2019-07-01,성동구,64132.0,2019-07-01 00:00:00,성동구,8.0
466,2019-07-01,성북구,82499.0,2019-07-01 00:00:00,성북구,2.0
467,2019-07-01,송파구,161303.0,2019-07-01 00:00:00,송파구,24.0
468,2019-07-01,양천구,75276.0,2019-07-01 00:00:00,양천구,11.0
469,2019-07-01,영등포구,76578.0,2019-07-01 00:00:00,영등포구,15.0
470,2019-07-01,용산구,83422.0,2019-07-01 00:00:00,용산구,2.0
471,2019-07-01,은평구,48803.0,2019-07-01 00:00:00,은평구,6.0
472,2019-07-01,종로구,109841.0,2019-07-01 00:00:00,종로구,2.0
473,2019-07-01,중구,89892.0,2019-07-01 00:00:00,중구,4.0
474,2019-07-01,중랑구,53534.0,2019-07-01 00:00:00,중랑구,8.0
475,2019-08-01,강남구,91842.0,2019-08-01 00:00:00,강남구,4.0
476,2019-08-01,강동구,61322.0,2019-08-01 00:00:00,강동구,7.0
477,2019-08-01,강북구,57126.0,2019-08-01 00:00:00,강북구,6.0
478,2019-08-01,강서구,136163.0,2019-08-01 00:00:00,강서구,14.0
479,2019-08-01,관악구,53046.0,2019-08-01 00:00:00,관악구,1.0
480,2019-08-01,광진구,62961.0,2019-08-01 00:00:00,광진구,2.0
481,2019-08-01,구로구,96581.0,2019-08-01 00:00:00,구로구,5.0
482,2019-08-01,금천구,70114.0,2019-08-01 00:00:00,금천구,6.0
483,2019-08-01,노원구,97283.0,2019-08-01 00:00:00,노원구,10.0
484,2019-08-01,도봉구,80094.0,2019-08-01 00:00:00,도봉구,6.0
485,2019-08-01,동대문구,61433.0,2019-08-01 00:00:00,동대문구,11.0
486,2019-08-01,동작구,32384.0,2019-08-01 00:00:00,동작구,5.0
487,2019-08-01,마포구,93730.0,2019-08-01 00:00:00,마포구,5.0
488,2019-08-01,서대문구,96651.0,2019-08-01 00:00:00,서대문구,5.0
489,2019-08-01,서초구,111163.0,2019-08-01 00:00:00,서초구,5.0
490,2019-08-01,성동구,60875.0,2019-08-01 00:00:00,성동구,3.0
491,2019-08-01,성북구,81834.0,2019-08-01 00:00:00,성북구,2.0
492,2019-08-01,송파구,153837.0,2019-08-01 00:00:00,송파구,21.0
493,2019-08-01,양천구,73534.0,2019-08-01 00:00:00,양천구,6.0
494,2019-08-01,영등포구,72551.0,2019-08-01 00:00:00,영등포구,17.0
495,2019-08-01,용산구,78211.0,2019-08-01 00:00:00,용산구,6.0
496,2019-08-01,은평구,48742.0,2019-08-01 00:00:00,은평구,7.0
497,2019-08-01,종로구,108432.0,2019-08-01 00:00:00,종로구,3.0
498,2019-08-01,중구,92276.0,2019-08-01 00:00:00,중구,3.0
499,2019-08-01,중랑구,49610.0,2019-08-01 00:00:00,중랑구,12.0
500,2019-09-01,강남구,87700.0,2019-09-01 00:00:00,강남구,5.0
501,2019-09-01,강동구,62602.0,2019-09-01 00:00:00,강동구,7.0
502,2019-09-01,강북구,56560.0,2019-09-01 00:00:00,강북구,5.0
503,2019-09-01,강서구,134596.0,2019-09-01 00:00:00,강서구,10.0
504,2019-09-01,관악구,53555.0,2019-09-01 00:00:00,관악구,4.0
505,2019-09-01,광진구,61911.0,2019-09-01 00:00:00,광진구,8.0
506,2019-09-01,구로구,96202.0,2019-09-01 00:00:00,구로구,4.0
507,2019-09-01,금천구,65353.0,2019-09-01 00:00:00,금천구,2.0
508,2019-09-01,노원구,94361.0,2019-09-01 00:00:00,노원구,12.0
509,2019-09-01,도봉구,78161.0,2019-09-01 00:00:00,도봉구,6.0
510,2019-09-01,동대문구,61830.0,2019-09-01 00:00:00,동대문구,15.0
511,2019-09-01,동작구,32502.0,2019-09-01 00:00:00,동작구,10.0
512,2019-09-01,마포구,92732.0,2019-09-01 00:00:00,마포구,4.0
513,2019-09-01,서대문구,96396.0,2019-09-01 00:00:00,서대문구,4.0
514,2019-09-01,서초구,112184.0,2019-09-01 00:00:00,서초구,6.0
515,2019-09-01,성동구,64147.0,2019-09-01 00:00:00,성동구,10.0
516,2019-09-01,성북구,82660.0,2019-09-01 00:00:00,성북구,1.0
517,2019-09-01,송파구,156159.0,2019-09-01 00:00:00,송파구,20.0
518,2019-09-01,양천구,73225.0,2019-09-01 00:00:00,양천구,10.0
519,2019-09-01,영등포구,70343.0,2019-09-01 00:00:00,영등포구,16.0
520,2019-09-01,용산구,75483.0,2019-09-01 00:00:00,용산구,1.0
521,2019-09-01,은평구,49694.0,2019-09-01 00:00:00,은평구,4.0
522,2019-09-01,종로구,106362.0,2019-09-01 00:00:00,종로구,2.0
523,2019-09-01,중구,90720.0,2019-09-01 00:00:00,중구,3.0
524,2019-09-01,중랑구,49292.0,2019-09-01 00:00:00,중랑구,16.0
525,2019-10-01,강남구,102489.0,2019-10-01 00:00:00,강남구,7.0
526,2019-10-01,강동구,74162.0,2019-10-01 00:00:00,강동구,7.0
527,2019-10-01,강북구,67399.0,2019-10-01 00:00:00,강북구,3.0
528,2019-10-01,강서구,157328.0,2019-10-01 00:00:00,강서구,8.0
529,2019-10-01,관악구,60467.0,2019-10-01 00:00:00,관악구,6.0
530,2019-10-01,광진구,73818.0,2019-10-01 00:00:00,광진구,4.0
531,2019-10-01,구로구,111774.0,2019-10-01 00:00:00,구로구,8.0
532,2019-10-01,금천구,77348.0,2019-10-01 00:00:00,금천구,5.0
533,2019-10-01,노원구,112407.0,2019-10-01 00:00:00,노원구,16.0
534,2019-10-01,도봉구,92642.0,2019-10-01 00:00:00,도봉구,7.0
535,2019-10-01,동대문구,72607.0,2019-10-01 00:00:00,동대문구,13.0
536,2019-10-01,동작구,38525.0,2019-10-01 00:00:00,동작구,6.0
537,2019-10-01,마포구,109507.0,2019-10-01 00:00:00,마포구,8.0
538,2019-10-01,서대문구,115372.0,2019-10-01 00:00:00,서대문구,4.0
539,2019-10-01,서초구,127320.0,2019-10-01 00:00:00,서초구,7.0
540,2019-10-01,성동구,74974.0,2019-10-01 00:00:00,성동구,6.0
541,2019-10-01,성북구,94795.0,2019-10-01 00:00:00,성북구,4.0
542,2019-10-01,송파구,186432.0,2019-10-01 00:00:00,송파구,29.0
543,2019-10-01,양천구,83549.0,2019-10-01 00:00:00,양천구,6.0
544,2019-10-01,영등포구,82065.0,2019-10-01 00:00:00,영등포구,25.0
545,2019-10-01,용산구,89227.0,0,0,0.0
546,2019-10-01,은평구,55122.0,2019-10-01 00:00:00,은평구,6.0
547,2019-10-01,종로구,123500.0,2019-10-01 00:00:00,종로구,1.0
548,2019-10-01,중구,104136.0,2019-10-01 00:00:00,중구,1.0
549,2019-10-01,중랑구,58015.0,2019-10-01 00:00:00,중랑구,12.0
550,2019-11-01,강남구,64539.0,2019-11-01 00:00:00,강남구,2.0
551,2019-11-01,강동구,45482.0,2019-11-01 00:00:00,강동구,5.0
552,2019-11-01,강북구,41331.0,2019-11-01 00:00:00,강북구,4.0
553,2019-11-01,강서구,98675.0,2019-11-01 00:00:00,강서구,8.0
554,2019-11-01,관악구,37575.0,2019-11-01 00:00:00,관악구,7.0
555,2019-11-01,광진구,47436.0,2019-11-01 00:00:00,광진구,2.0
556,2019-11-01,구로구,71319.0,2019-11-01 00:00:00,구로구,9.0
557,2019-11-01,금천구,51770.0,2019-11-01 00:00:00,금천구,2.0
558,2019-11-01,노원구,71186.0,2019-11-01 00:00:00,노원구,12.0
559,2019-11-01,도봉구,59121.0,2019-11-01 00:00:00,도봉구,3.0
560,2019-11-01,동대문구,45770.0,2019-11-01 00:00:00,동대문구,11.0
561,2019-11-01,동작구,22912.0,2019-11-01 00:00:00,동작구,5.0
562,2019-11-01,마포구,67107.0,2019-11-01 00:00:00,마포구,8.0
563,2019-11-01,서대문구,70103.0,2019-11-01 00:00:00,서대문구,4.0
564,2019-11-01,서초구,78651.0,2019-11-01 00:00:00,서초구,4.0
565,2019-11-01,성동구,50412.0,2019-11-01 00:00:00,성동구,1.0
566,2019-11-01,성북구,57342.0,2019-11-01 00:00:00,성북구,4.0
567,2019-11-01,송파구,118748.0,2019-11-01 00:00:00,송파구,13.0
568,2019-11-01,양천구,51678.0,2019-11-01 00:00:00,양천구,4.0
569,2019-11-01,영등포구,53395.0,2019-11-01 00:00:00,영등포구,10.0
570,2019-11-01,용산구,61374.0,2019-11-01 00:00:00,용산구,1.0
571,2019-11-01,은평구,32829.0,2019-11-01 00:00:00,은평구,8.0
572,2019-11-01,종로구,76873.0,2019-11-01 00:00:00,종로구,1.0
573,2019-11-01,중구,63042.0,2019-11-01 00:00:00,중구,1.0
574,2019-11-01,중랑구,39046.0,2019-11-01 00:00:00,중랑구,6.0
575,2019-12-01,강남구,38185.0,2019-12-01 00:00:00,강남구,1.0
576,2019-12-01,강동구,26428.0,2019-12-01 00:00:00,강동구,1.0
577,2019-12-01,강북구,24327.0,2019-12-01 00:00:00,강북구,5.0
578,2019-12-01,강서구,55125.0,2019-12-01 00:00:00,강서구,4.0
579,2019-12-01,관악구,21690.0,2019-12-01 00:00:00,관악구,1.0
580,2019-12-01,광진구,27495.0,2019-12-01 00:00:00,광진구,4.0
581,2019-12-01,구로구,41301.0,2019-12-01 00:00:00,구로구,3.0
582,2019-12-01,금천구,30958.0,2019-12-01 00:00:00,금천구,2.0
583,2019-12-01,노원구,40645.0,2019-12-01 00:00:00,노원구,3.0
584,2019-12-01,도봉구,33674.0,2019-12-01 00:00:00,도봉구,1.0
585,2019-12-01,동대문구,25130.0,2019-12-01 00:00:00,동대문구,6.0
586,2019-12-01,동작구,14022.0,2019-12-01 00:00:00,동작구,1.0
587,2019-12-01,마포구,37916.0,2019-12-01 00:00:00,마포구,4.0
588,2019-12-01,서대문구,38976.0,2019-12-01 00:00:00,서대문구,5.0
589,2019-12-01,서초구,45986.0,2019-12-01 00:00:00,서초구,1.0
590,2019-12-01,성동구,27822.0,2019-12-01 00:00:00,성동구,4.0
591,2019-12-01,성북구,31949.0,2019-12-01 00:00:00,성북구,1.0
592,2019-12-01,송파구,68639.0,2019-12-01 00:00:00,송파구,11.0
593,2019-12-01,양천구,28511.0,2019-12-01 00:00:00,양천구,1.0
594,2019-12-01,영등포구,31038.0,2019-12-01 00:00:00,영등포구,9.0
595,2019-12-01,용산구,36809.0,2019-12-01 00:00:00,용산구,1.0
596,2019-12-01,은평구,17454.0,0,0,0.0
597,2019-12-01,종로구,44450.0,0,0,0.0
598,2019-12-01,중구,36317.0,2019-12-01 00:00:00,중구,2.0
599,2019-12-01,중랑구,22706.0,2019-12-01 00:00:00,중랑구,1.0
600,2020-01-01,강남구,34257.0,2020-01-01 00:00:00,강남구,3.0
601,2020-01-01,강동구,23059.0,2020-01-01 00:00:00,강동구,2.0
602,2020-01-01,강북구,21017.0,2020-01-01 00:00:00,강북구,2.0
603,2020-01-01,강서구,48714.0,2020-01-01 00:00:00,강서구,1.0
604,2020-01-01,관악구,19241.0,2020-01-01 00:00:00,관악구,4.0
605,2020-01-01,광진구,22918.0,2020-01-01 00:00:00,광진구,3.0
606,2020-01-01,구로구,36500.0,2020-01-01 00:00:00,구로구,5.0
607,2020-01-01,금천구,27579.0,2020-01-01 00:00:00,금천구,1.0
608,2020-01-01,노원구,35233.0,2020-01-01 00:00:00,노원구,2.0
609,2020-01-01,도봉구,30285.0,2020-01-01 00:00:00,도봉구,2.0
610,2020-01-01,동대문구,23433.0,2020-01-01 00:00:00,동대문구,5.0
611,2020-01-01,동작구,11925.0,2020-01-01 00:00:00,동작구,2.0
612,2020-01-01,마포구,34619.0,2020-01-01 00:00:00,마포구,2.0
613,2020-01-01,서대문구,35363.0,2020-01-01 00:00:00,서대문구,2.0
614,2020-01-01,서초구,41011.0,2020-01-01 00:00:00,서초구,2.0
615,2020-01-01,성동구,23536.0,2020-01-01 00:00:00,성동구,2.0
616,2020-01-01,성북구,28969.0,2020-01-01 00:00:00,성북구,7.0
617,2020-01-01,송파구,62205.0,2020-01-01 00:00:00,송파구,12.0
618,2020-01-01,양천구,26503.0,2020-01-01 00:00:00,양천구,4.0
619,2020-01-01,영등포구,25891.0,2020-01-01 00:00:00,영등포구,9.0
620,2020-01-01,용산구,32507.0,0,0,0.0
621,2020-01-01,은평구,16488.0,2020-01-01 00:00:00,은평구,1.0
622,2020-01-01,종로구,39029.0,2020-01-01 00:00:00,종로구,1.0
623,2020-01-01,중구,32833.0,2020-01-01 00:00:00,중구,1.0
624,2020-01-01,중랑구,19393.0,2020-01-01 00:00:00,중랑구,3.0
625,2020-02-01,강남구,33193.0,2020-02-01 00:00:00,강남구,1.0
626,2020-02-01,강동구,23376.0,2020-02-01 00:00:00,강동구,5.0
627,2020-02-01,강북구,20793.0,2020-02-01 00:00:00,강북구,3.0
628,2020-02-01,강서구,47167.0,2020-02-01 00:00:00,강서구,4.0
629,2020-02-01,관악구,19134.0,2020-02-01 00:00:00,관악구,1.0
630,2020-02-01,광진구,22899.0,0,0,0.0
631,2020-02-01,구로구,35460.0,2020-02-01 00:00:00,구로구,5.0
632,2020-02-01,금천구,26362.0,2020-02-01 00:00:00,금천구,1.0
633,2020-02-01,노원구,34547.0,2020-02-01 00:00:00,노원구,5.0
634,2020-02-01,도봉구,30326.0,2020-02-01 00:00:00,도봉구,4.0
635,2020-02-01,동대문구,22810.0,2020-02-01 00:00:00,동대문구,3.0
636,2020-02-01,동작구,11773.0,2020-02-01 00:00:00,동작구,2.0
637,2020-02-01,마포구,33421.0,2020-02-01 00:00:00,마포구,2.0
638,2020-02-01,서대문구,33690.0,2020-02-01 00:00:00,서대문구,2.0
639,2020-02-01,서초구,40101.0,2020-02-01 00:00:00,서초구,2.0
640,2020-02-01,성동구,22676.0,2020-02-01 00:00:00,성동구,3.0
641,2020-02-01,성북구,28294.0,2020-02-01 00:00:00,성북구,3.0
642,2020-02-01,송파구,60146.0,2020-02-01 00:00:00,송파구,6.0
643,2020-02-01,양천구,25314.0,2020-02-01 00:00:00,양천구,3.0
644,2020-02-01,영등포구,24623.0,2020-02-01 00:00:00,영등포구,12.0
645,2020-02-01,용산구,31136.0,2020-02-01 00:00:00,용산구,2.0
646,2020-02-01,은평구,15695.0,2020-02-01 00:00:00,은평구,3.0
647,2020-02-01,종로구,38582.0,0,0,0.0
648,2020-02-01,중구,32602.0,0,0,0.0
649,2020-02-01,중랑구,18445.0,2020-02-01 00:00:00,중랑구,8.0
650,2020-03-01,강남구,65139.0,2020-03-01 00:00:00,강남구,9.0
651,2020-03-01,강동구,48344.0,2020-03-01 00:00:00,강동구,3.0
652,2020-03-01,강북구,42721.0,2020-03-01 00:00:00,강북구,2.0
653,2020-03-01,강서구,94191.0,2020-03-01 00:00:00,강서구,2.0
654,2020-03-01,관악구,40910.0,2020-03-01 00:00:00,관악구,3.0
655,2020-03-01,광진구,44474.0,2020-03-01 00:00:00,광진구,3.0
656,2020-03-01,구로구,73207.0,2020-03-01 00:00:00,구로구,4.0
657,2020-03-01,금천구,46338.0,0,0,0.0
658,2020-03-01,노원구,70772.0,2020-03-01 00:00:00,노원구,5.0
659,2020-03-01,도봉구,55716.0,2020-03-01 00:00:00,도봉구,2.0
660,2020-03-01,동대문구,47113.0,2020-03-01 00:00:00,동대문구,15.0
661,2020-03-01,동작구,23641.0,2020-03-01 00:00:00,동작구,5.0
662,2020-03-01,마포구,62998.0,2020-03-01 00:00:00,마포구,2.0
663,2020-03-01,서대문구,70008.0,2020-03-01 00:00:00,서대문구,4.0
664,2020-03-01,서초구,84756.0,2020-03-01 00:00:00,서초구,4.0
665,2020-03-01,성동구,43776.0,2020-03-01 00:00:00,성동구,5.0
666,2020-03-01,성북구,65153.0,2020-03-01 00:00:00,성북구,3.0
667,2020-03-01,송파구,116088.0,2020-03-01 00:00:00,송파구,10.0
668,2020-03-01,양천구,52950.0,2020-03-01 00:00:00,양천구,8.0
669,2020-03-01,영등포구,43721.0,2020-03-01 00:00:00,영등포구,17.0
670,2020-03-01,용산구,51092.0,2020-03-01 00:00:00,용산구,3.0
671,2020-03-01,은평구,35402.0,2020-03-01 00:00:00,은평구,6.0
672,2020-03-01,종로구,81111.0,2020-03-01 00:00:00,종로구,1.0
673,2020-03-01,중구,72158.0,0,0,0.0
674,2020-03-01,중랑구,32717.0,2020-03-01 00:00:00,중랑구,10.0
675,2020-04-01,강남구,93311.0,2020-04-01 00:00:00,강남구,9.0
676,2020-04-01,강동구,69091.0,2020-04-01 00:00:00,강동구,10.0
677,2020-04-01,강북구,59080.0,2020-04-01 00:00:00,강북구,4.0
678,2020-04-01,강서구,136076.0,2020-04-01 00:00:00,강서구,6.0
679,2020-04-01,관악구,58180.0,2020-04-01 00:00:00,관악구,8.0
680,2020-04-01,광진구,63697.0,2020-04-01 00:00:00,광진구,5.0
681,2020-04-01,구로구,101221.0,2020-04-01 00:00:00,구로구,2.0
682,2020-04-01,금천구,65362.0,2020-04-01 00:00:00,금천구,5.0
683,2020-04-01,노원구,97890.0,2020-04-01 00:00:00,노원구,15.0
684,2020-04-01,도봉구,82906.0,2020-04-01 00:00:00,도봉구,4.0
685,2020-04-01,동대문구,65302.0,2020-04-01 00:00:00,동대문구,6.0
686,2020-04-01,동작구,34483.0,2020-04-01 00:00:00,동작구,7.0
687,2020-04-01,마포구,99052.0,2020-04-01 00:00:00,마포구,4.0
688,2020-04-01,서대문구,93689.0,2020-04-01 00:00:00,서대문구,4.0
689,2020-04-01,서초구,118649.0,2020-04-01 00:00:00,서초구,8.0
690,2020-04-01,성동구,61721.0,2020-04-01 00:00:00,성동구,9.0
691,2020-04-01,성북구,84001.0,2020-04-01 00:00:00,성북구,2.0
692,2020-04-01,송파구,160593.0,2020-04-01 00:00:00,송파구,17.0
693,2020-04-01,양천구,77956.0,2020-04-01 00:00:00,양천구,5.0
694,2020-04-01,영등포구,63942.0,2020-04-01 00:00:00,영등포구,23.0
695,2020-04-01,용산구,71886.0,2020-04-01 00:00:00,용산구,2.0
696,2020-04-01,은평구,50232.0,2020-04-01 00:00:00,은평구,2.0
697,2020-04-01,종로구,113933.0,2020-04-01 00:00:00,종로구,1.0
698,2020-04-01,중구,101807.0,2020-04-01 00:00:00,중구,2.0
699,2020-04-01,중랑구,47854.0,2020-04-01 00:00:00,중랑구,14.0
700,2020-05-01,강남구,105276.0,2020-05-01 00:00:00,강남구,10.0
701,2020-05-01,강동구,77153.0,2020-05-01 00:00:00,강동구,7.0
702,2020-05-01,강북구,69023.0,2020-05-01 00:00:00,강북구,2.0
703,2020-05-01,강서구,160112.0,2020-05-01 00:00:00,강서구,8.0
704,2020-05-01,관악구,67436.0,2020-05-01 00:00:00,관악구,3.0
705,2020-05-01,광진구,70952.0,2020-05-01 00:00:00,광진구,9.0
706,2020-05-01,구로구,112378.0,2020-05-01 00:00:00,구로구,6.0
707,2020-05-01,금천구,74908.0,2020-05-01 00:00:00,금천구,6.0
708,2020-05-01,노원구,107333.0,2020-05-01 00:00:00,노원구,14.0
709,2020-05-01,도봉구,97118.0,2020-05-01 00:00:00,도봉구,8.0
710,2020-05-01,동대문구,73823.0,2020-05-01 00:00:00,동대문구,11.0
711,2020-05-01,동작구,39569.0,2020-05-01 00:00:00,동작구,8.0
712,2020-05-01,마포구,119341.0,2020-05-01 00:00:00,마포구,11.0
713,2020-05-01,서대문구,104036.0,2020-05-01 00:00:00,서대문구,2.0
714,2020-05-01,서초구,137148.0,2020-05-01 00:00:00,서초구,8.0
715,2020-05-01,성동구,68264.0,2020-05-01 00:00:00,성동구,8.0
716,2020-05-01,성북구,98653.0,2020-05-01 00:00:00,성북구,3.0
717,2020-05-01,송파구,185434.0,2020-05-01 00:00:00,송파구,24.0
718,2020-05-01,양천구,89383.0,2020-05-01 00:00:00,양천구,6.0
719,2020-05-01,영등포구,75368.0,2020-05-01 00:00:00,영등포구,28.0
720,2020-05-01,용산구,81341.0,2020-05-01 00:00:00,용산구,2.0
721,2020-05-01,은평구,57449.0,2020-05-01 00:00:00,은평구,1.0
722,2020-05-01,종로구,128582.0,2020-05-01 00:00:00,종로구,2.0
723,2020-05-01,중구,118578.0,2020-05-01 00:00:00,중구,5.0
724,2020-05-01,중랑구,57387.0,2020-05-01 00:00:00,중랑구,13.0
725,2020-06-01,강남구,116378.0,2020-06-01 00:00:00,강남구,12.0
726,2020-06-01,강동구,80043.0,2020-06-01 00:00:00,강동구,11.0
727,2020-06-01,강북구,79156.0,2020-06-01 00:00:00,강북구,5.0
728,2020-06-01,강서구,177819.0,2020-06-01 00:00:00,강서구,14.0
729,2020-06-01,관악구,68472.0,2020-06-01 00:00:00,관악구,7.0
730,2020-06-01,광진구,75446.0,2020-06-01 00:00:00,광진구,5.0
731,2020-06-01,구로구,120628.0,2020-06-01 00:00:00,구로구,7.0
732,2020-06-01,금천구,94004.0,2020-06-01 00:00:00,금천구,2.0
733,2020-06-01,노원구,128765.0,2020-06-01 00:00:00,노원구,12.0
734,2020-06-01,도봉구,107409.0,2020-06-01 00:00:00,도봉구,9.0
735,2020-06-01,동대문구,78491.0,2020-06-01 00:00:00,동대문구,10.0
736,2020-06-01,동작구,45647.0,2020-06-01 00:00:00,동작구,9.0
737,2020-06-01,마포구,140045.0,2020-06-01 00:00:00,마포구,7.0
738,2020-06-01,서대문구,114205.0,2020-06-01 00:00:00,서대문구,6.0
739,2020-06-01,서초구,146314.0,2020-06-01 00:00:00,서초구,8.0
740,2020-06-01,성동구,74817.0,2020-06-01 00:00:00,성동구,14.0
741,2020-06-01,성북구,107736.0,2020-06-01 00:00:00,성북구,1.0
742,2020-06-01,송파구,209346.0,2020-06-01 00:00:00,송파구,26.0
743,2020-06-01,양천구,93797.0,2020-06-01 00:00:00,양천구,10.0
744,2020-06-01,영등포구,100147.0,2020-06-01 00:00:00,영등포구,15.0
745,2020-06-01,용산구,91759.0,2020-06-01 00:00:00,용산구,3.0
746,2020-06-01,은평구,61075.0,2020-06-01 00:00:00,은평구,5.0
747,2020-06-01,종로구,146355.0,2020-06-01 00:00:00,종로구,1.0
748,2020-06-01,중구,123331.0,2020-06-01 00:00:00,중구,2.0
749,2020-06-01,중랑구,67972.0,2020-06-01 00:00:00,중랑구,9.0
750,2020-07-01,강남구,102486.0,2020-07-01 00:00:00,강남구,19.0
751,2020-07-01,강동구,73695.0,2020-07-01 00:00:00,강동구,9.0
752,2020-07-01,강북구,73950.0,2020-07-01 00:00:00,강북구,6.0
753,2020-07-01,강서구,157875.0,2020-07-01 00:00:00,강서구,6.0
754,2020-07-01,관악구,62455.0,2020-07-01 00:00:00,관악구,3.0
755,2020-07-01,광진구,66712.0,2020-07-01 00:00:00,광진구,4.0
756,2020-07-01,구로구,110260.0,2020-07-01 00:00:00,구로구,9.0
757,2020-07-01,금천구,90441.0,2020-07-01 00:00:00,금천구,5.0
758,2020-07-01,노원구,121350.0,2020-07-01 00:00:00,노원구,16.0
759,2020-07-01,도봉구,97597.0,2020-07-01 00:00:00,도봉구,10.0
760,2020-07-01,동대문구,69906.0,2020-07-01 00:00:00,동대문구,12.0
761,2020-07-01,동작구,46828.0,2020-07-01 00:00:00,동작구,7.0
762,2020-07-01,마포구,126307.0,2020-07-01 00:00:00,마포구,10.0
763,2020-07-01,서대문구,98143.0,2020-07-01 00:00:00,서대문구,4.0
764,2020-07-01,서초구,134561.0,2020-07-01 00:00:00,서초구,10.0
765,2020-07-01,성동구,66986.0,2020-07-01 00:00:00,성동구,7.0
766,2020-07-01,성북구,93298.0,2020-07-01 00:00:00,성북구,8.0
767,2020-07-01,송파구,198958.0,2020-07-01 00:00:00,송파구,26.0
768,2020-07-01,양천구,87118.0,2020-07-01 00:00:00,양천구,8.0
769,2020-07-01,영등포구,95875.0,2020-07-01 00:00:00,영등포구,19.0
770,2020-07-01,용산구,82465.0,2020-07-01 00:00:00,용산구,3.0
771,2020-07-01,은평구,59825.0,2020-07-01 00:00:00,은평구,6.0
772,2020-07-01,종로구,145629.0,2020-07-01 00:00:00,종로구,5.0
773,2020-07-01,중구,116824.0,2020-07-01 00:00:00,중구,2.0
774,2020-07-01,중랑구,63072.0,2020-07-01 00:00:00,중랑구,8.0
775,2020-08-01,강남구,63229.0,2020-08-01 00:00:00,강남구,6.0
776,2020-08-01,강동구,47557.0,2020-08-01 00:00:00,강동구,4.0
777,2020-08-01,강북구,54523.0,0,0,0.0
778,2020-08-01,강서구,101535.0,2020-08-01 00:00:00,강서구,8.0
779,2020-08-01,관악구,39781.0,2020-08-01 00:00:00,관악구,2.0
780,2020-08-01,광진구,44475.0,2020-08-01 00:00:00,광진구,3.0
781,2020-08-01,구로구,74609.0,2020-08-01 00:00:00,구로구,4.0
782,2020-08-01,금천구,66904.0,2020-08-01 00:00:00,금천구,1.0
783,2020-08-01,노원구,80546.0,2020-08-01 00:00:00,노원구,5.0
784,2020-08-01,도봉구,70623.0,2020-08-01 00:00:00,도봉구,2.0
785,2020-08-01,동대문구,43812.0,2020-08-01 00:00:00,동대문구,7.0
786,2020-08-01,동작구,33272.0,2020-08-01 00:00:00,동작구,2.0
787,2020-08-01,마포구,87322.0,2020-08-01 00:00:00,마포구,1.0
788,2020-08-01,서대문구,63067.0,2020-08-01 00:00:00,서대문구,2.0
789,2020-08-01,서초구,90138.0,2020-08-01 00:00:00,서초구,3.0
790,2020-08-01,성동구,44913.0,2020-08-01 00:00:00,성동구,9.0
791,2020-08-01,성북구,59507.0,2020-08-01 00:00:00,성북구,2.0
792,2020-08-01,송파구,132644.0,2020-08-01 00:00:00,송파구,10.0
793,2020-08-01,양천구,55681.0,2020-08-01 00:00:00,양천구,8.0
794,2020-08-01,영등포구,69270.0,2020-08-01 00:00:00,영등포구,27.0
795,2020-08-01,용산구,58266.0,2020-08-01 00:00:00,용산구,1.0
796,2020-08-01,은평구,39659.0,2020-08-01 00:00:00,은평구,3.0
797,2020-08-01,종로구,97568.0,2020-08-01 00:00:00,종로구,1.0
798,2020-08-01,중구,77548.0,0,0,0.0
799,2020-08-01,중랑구,43457.0,2020-08-01 00:00:00,중랑구,6.0
800,2020-09-01,강남구,106487.0,2020-09-01 00:00:00,강남구,15.0
801,2020-09-01,강동구,78407.0,2020-09-01 00:00:00,강동구,14.0
802,2020-09-01,강북구,82682.0,2020-09-01 00:00:00,강북구,5.0
803,2020-09-01,강서구,164174.0,2020-09-01 00:00:00,강서구,7.0
804,2020-09-01,관악구,61069.0,2020-09-01 00:00:00,관악구,2.0
805,2020-09-01,광진구,68347.0,2020-09-01 00:00:00,광진구,3.0
806,2020-09-01,구로구,122705.0,2020-09-01 00:00:00,구로구,5.0
807,2020-09-01,금천구,100725.0,2020-09-01 00:00:00,금천구,3.0
808,2020-09-01,노원구,129575.0,2020-09-01 00:00:00,노원구,16.0
809,2020-09-01,도봉구,107258.0,2020-09-01 00:00:00,도봉구,4.0
810,2020-09-01,동대문구,72241.0,2020-09-01 00:00:00,동대문구,12.0
811,2020-09-01,동작구,52530.0,2020-09-01 00:00:00,동작구,15.0
812,2020-09-01,마포구,134919.0,2020-09-01 00:00:00,마포구,6.0
813,2020-09-01,서대문구,107265.0,2020-09-01 00:00:00,서대문구,4.0
814,2020-09-01,서초구,147192.0,2020-09-01 00:00:00,서초구,6.0
815,2020-09-01,성동구,68780.0,2020-09-01 00:00:00,성동구,16.0
816,2020-09-01,성북구,102289.0,2020-09-01 00:00:00,성북구,3.0
817,2020-09-01,송파구,209248.0,2020-09-01 00:00:00,송파구,25.0
818,2020-09-01,양천구,97492.0,2020-09-01 00:00:00,양천구,12.0
819,2020-09-01,영등포구,106565.0,2020-09-01 00:00:00,영등포구,30.0
820,2020-09-01,용산구,83095.0,2020-09-01 00:00:00,용산구,1.0
821,2020-09-01,은평구,74355.0,2020-09-01 00:00:00,은평구,8.0
822,2020-09-01,종로구,165378.0,2020-09-01 00:00:00,종로구,1.0
823,2020-09-01,중구,129118.0,2020-09-01 00:00:00,중구,1.0
824,2020-09-01,중랑구,68977.0,2020-09-01 00:00:00,중랑구,16.0
825,2020-10-01,강남구,107923.0,2020-10-01 00:00:00,강남구,7.0
826,2020-10-01,강동구,77273.0,2020-10-01 00:00:00,강동구,9.0
827,2020-10-01,강북구,87363.0,2020-10-01 00:00:00,강북구,4.0
828,2020-10-01,강서구,167271.0,2020-10-01 00:00:00,강서구,7.0
829,2020-10-01,관악구,63622.0,2020-10-01 00:00:00,관악구,7.0
830,2020-10-01,광진구,71570.0,2020-10-01 00:00:00,광진구,5.0
831,2020-10-01,구로구,124634.0,2020-10-01 00:00:00,구로구,5.0
832,2020-10-01,금천구,105079.0,2020-10-01 00:00:00,금천구,8.0
833,2020-10-01,노원구,134074.0,2020-10-01 00:00:00,노원구,7.0
834,2020-10-01,도봉구,107899.0,2020-10-01 00:00:00,도봉구,8.0
835,2020-10-01,동대문구,72621.0,2020-10-01 00:00:00,동대문구,17.0
836,2020-10-01,동작구,52700.0,2020-10-01 00:00:00,동작구,8.0
837,2020-10-01,마포구,145512.0,2020-10-01 00:00:00,마포구,5.0
838,2020-10-01,서대문구,110909.0,2020-10-01 00:00:00,서대문구,3.0
839,2020-10-01,서초구,145924.0,2020-10-01 00:00:00,서초구,5.0
840,2020-10-01,성동구,71110.0,2020-10-01 00:00:00,성동구,13.0
841,2020-10-01,성북구,103864.0,2020-10-01 00:00:00,성북구,5.0
842,2020-10-01,송파구,217772.0,2020-10-01 00:00:00,송파구,22.0
843,2020-10-01,양천구,96557.0,2020-10-01 00:00:00,양천구,7.0
844,2020-10-01,영등포구,112044.0,2020-10-01 00:00:00,영등포구,14.0
845,2020-10-01,용산구,89843.0,0,0,0.0
846,2020-10-01,은평구,76076.0,2020-10-01 00:00:00,은평구,1.0
847,2020-10-01,종로구,168012.0,2020-10-01 00:00:00,종로구,2.0
848,2020-10-01,중구,130871.0,2020-10-01 00:00:00,중구,3.0
849,2020-10-01,중랑구,75068.0,2020-10-01 00:00:00,중랑구,12.0
850,2020-11-01,강남구,73491.0,2020-11-01 00:00:00,강남구,4.0
851,2020-11-01,강동구,50477.0,0,0,0.0
852,2020-11-01,강북구,58933.0,0,0,0.0
853,2020-11-01,강서구,115427.0,2020-11-01 00:00:00,강서구,4.0
854,2020-11-01,관악구,42322.0,0,0,0.0
855,2020-11-01,광진구,50622.0,2020-11-01 00:00:00,광진구,3.0
856,2020-11-01,구로구,83703.0,2020-11-01 00:00:00,구로구,5.0
857,2020-11-01,금천구,73817.0,2020-11-01 00:00:00,금천구,2.0
858,2020-11-01,노원구,93605.0,2020-11-01 00:00:00,노원구,13.0
859,2020-11-01,도봉구,71139.0,2020-11-01 00:00:00,도봉구,4.0
860,2020-11-01,동대문구,48613.0,2020-11-01 00:00:00,동대문구,10.0
861,2020-11-01,동작구,36812.0,0,0,0.0
862,2020-11-01,마포구,98067.0,2020-11-01 00:00:00,마포구,1.0
863,2020-11-01,서대문구,76013.0,2020-11-01 00:00:00,서대문구,2.0
864,2020-11-01,서초구,96668.0,2020-11-01 00:00:00,서초구,3.0
865,2020-11-01,성동구,52104.0,2020-11-01 00:00:00,성동구,6.0
866,2020-11-01,성북구,70842.0,2020-11-01 00:00:00,성북구,2.0
867,2020-11-01,송파구,150545.0,2020-11-01 00:00:00,송파구,14.0
868,2020-11-01,양천구,60304.0,2020-11-01 00:00:00,양천구,3.0
869,2020-11-01,영등포구,78638.0,2020-11-01 00:00:00,영등포구,12.0
870,2020-11-01,용산구,64123.0,2020-11-01 00:00:00,용산구,1.0
871,2020-11-01,은평구,47730.0,2020-11-01 00:00:00,은평구,4.0
872,2020-11-01,종로구,113907.0,2020-11-01 00:00:00,종로구,3.0
873,2020-11-01,중구,86490.0,2020-11-01 00:00:00,중구,4.0
874,2020-11-01,중랑구,54776.0,2020-11-01 00:00:00,중랑구,11.0
875,2020-12-01,강남구,44408.0,2020-12-01 00:00:00,강남구,4.0
876,2020-12-01,강동구,29751.0,2020-12-01 00:00:00,강동구,5.0
877,2020-12-01,강북구,34341.0,2020-12-01 00:00:00,강북구,5.0
878,2020-12-01,강서구,70526.0,2020-12-01 00:00:00,강서구,6.0
879,2020-12-01,관악구,25207.0,2020-12-01 00:00:00,관악구,4.0
880,2020-12-01,광진구,30964.0,2020-12-01 00:00:00,광진구,2.0
881,2020-12-01,구로구,50685.0,2020-12-01 00:00:00,구로구,1.0
882,2020-12-01,금천구,43877.0,2020-12-01 00:00:00,금천구,2.0
883,2020-12-01,노원구,57229.0,2020-12-01 00:00:00,노원구,2.0
884,2020-12-01,도봉구,40312.0,0,0,0.0
885,2020-12-01,동대문구,29622.0,2020-12-01 00:00:00,동대문구,6.0
886,2020-12-01,동작구,22025.0,2020-12-01 00:00:00,동작구,2.0
887,2020-12-01,마포구,56582.0,0,0,0.0
888,2020-12-01,서대문구,46806.0,2020-12-01 00:00:00,서대문구,3.0
889,2020-12-01,서초구,57970.0,2020-12-01 00:00:00,서초구,1.0
890,2020-12-01,성동구,31165.0,2020-12-01 00:00:00,성동구,1.0
891,2020-12-01,성북구,44091.0,2020-12-01 00:00:00,성북구,1.0
892,2020-12-01,송파구,91504.0,2020-12-01 00:00:00,송파구,6.0
893,2020-12-01,양천구,37165.0,2020-12-01 00:00:00,양천구,1.0
894,2020-12-01,영등포구,47116.0,2020-12-01 00:00:00,영등포구,4.0
895,2020-12-01,용산구,36750.0,0,0,0.0
896,2020-12-01,은평구,28388.0,2020-12-01 00:00:00,은평구,3.0
897,2020-12-01,종로구,69420.0,2020-12-01 00:00:00,종로구,2.0
898,2020-12-01,중구,52811.0,0,0,0.0
899,2020-12-01,중랑구,33341.0,2020-12-01 00:00:00,중랑구,4.0
900,2021-01-01,강남구,28842.0,2021-01-01 00:00:00,강남구,1.0
901,2021-01-01,강동구,19401.0,2021-01-01 00:00:00,강동구,1.0
902,2021-01-01,강북구,23463.0,2021-01-01 00:00:00,강북구,5.0
903,2021-01-01,강서구,45661.0,2021-01-01 00:00:00,강서구,3.0
904,2021-01-01,관악구,16685.0,2021-01-01 00:00:00,관악구,2.0
905,2021-01-01,광진구,20365.0,0,0,0.0
906,2021-01-01,구로구,33844.0,2021-01-01 00:00:00,구로구,3.0
907,2021-01-01,금천구,29038.0,2021-01-01 00:00:00,금천구,1.0
908,2021-01-01,노원구,38004.0,2021-01-01 00:00:00,노원구,1.0
909,2021-01-01,도봉구,27920.0,2021-01-01 00:00:00,도봉구,2.0
910,2021-01-01,동대문구,19018.0,2021-01-01 00:00:00,동대문구,3.0
911,2021-01-01,동작구,15105.0,2021-01-01 00:00:00,동작구,1.0
912,2021-01-01,마포구,37057.0,0,0,0.0
913,2021-01-01,서대문구,30482.0,2021-01-01 00:00:00,서대문구,1.0
914,2021-01-01,서초구,39205.0,2021-01-01 00:00:00,서초구,3.0
915,2021-01-01,성동구,20514.0,2021-01-01 00:00:00,성동구,4.0
916,2021-01-01,성북구,29323.0,2021-01-01 00:00:00,성북구,2.0
917,2021-01-01,송파구,61754.0,2021-01-01 00:00:00,송파구,5.0
918,2021-01-01,양천구,24090.0,2021-01-01 00:00:00,양천구,2.0
919,2021-01-01,영등포구,30975.0,2021-01-01 00:00:00,영등포구,7.0
920,2021-01-01,용산구,24923.0,2021-01-01 00:00:00,용산구,1.0
921,2021-01-01,은평구,18935.0,0,0,0.0
922,2021-01-01,종로구,47684.0,0,0,0.0
923,2021-01-01,중구,37312.0,0,0,0.0
924,2021-01-01,중랑구,21445.0,2021-01-01 00:00:00,중랑구,4.0
925,2021-02-01,강남구,43876.0,2021-02-01 00:00:00,강남구,2.0
926,2021-02-01,강동구,29249.0,2021-02-01 00:00:00,강동구,3.0
927,2021-02-01,강북구,33333.0,2021-02-01 00:00:00,강북구,4.0
928,2021-02-01,강서구,68246.0,2021-02-01 00:00:00,강서구,5.0
929,2021-02-01,관악구,26030.0,2021-02-01 00:00:00,관악구,1.0
930,2021-02-01,광진구,30965.0,2021-02-01 00:00:00,광진구,4.0
931,2021-02-01,구로구,50273.0,2021-02-01 00:00:00,구로구,2.0
932,2021-02-01,금천구,41134.0,2021-02-01 00:00:00,금천구,2.0
933,2021-02-01,노원구,57686.0,2021-02-01 00:00:00,노원구,10.0
934,2021-02-01,도봉구,39733.0,2021-02-01 00:00:00,도봉구,2.0
935,2021-02-01,동대문구,28812.0,2021-02-01 00:00:00,동대문구,5.0
936,2021-02-01,동작구,22184.0,2021-02-01 00:00:00,동작구,4.0
937,2021-02-01,마포구,54686.0,2021-02-01 00:00:00,마포구,1.0
938,2021-02-01,서대문구,46953.0,2021-02-01 00:00:00,서대문구,1.0
939,2021-02-01,서초구,58931.0,2021-02-01 00:00:00,서초구,4.0
940,2021-02-01,성동구,30411.0,2021-02-01 00:00:00,성동구,3.0
941,2021-02-01,성북구,45817.0,2021-02-01 00:00:00,성북구,2.0
942,2021-02-01,송파구,89864.0,2021-02-01 00:00:00,송파구,9.0
943,2021-02-01,양천구,37388.0,2021-02-01 00:00:00,양천구,3.0
944,2021-02-01,영등포구,45836.0,2021-02-01 00:00:00,영등포구,8.0
945,2021-02-01,용산구,35025.0,2021-02-01 00:00:00,용산구,2.0
946,2021-02-01,은평구,30765.0,2021-02-01 00:00:00,은평구,4.0
947,2021-02-01,종로구,73544.0,2021-02-01 00:00:00,종로구,2.0
948,2021-02-01,중구,57363.0,0,0,0.0
949,2021-02-01,중랑구,31729.0,2021-02-01 00:00:00,중랑구,6.0
950,2021-03-01,강남구,76598.0,2021-03-01 00:00:00,강남구,6.0
951,2021-03-01,강동구,51960.0,2021-03-01 00:00:00,강동구,5.0
952,2021-03-01,강북구,60216.0,2021-03-01 00:00:00,강북구,1.0
953,2021-03-01,강서구,120732.0,2021-03-01 00:00:00,강서구,5.0
954,2021-03-01,관악구,44246.0,2021-03-01 00:00:00,관악구,3.0
955,2021-03-01,광진구,52472.0,2021-03-01 00:00:00,광진구,5.0
956,2021-03-01,구로구,88839.0,2021-03-01 00:00:00,구로구,4.0
957,2021-03-01,금천구,74928.0,2021-03-01 00:00:00,금천구,1.0
958,2021-03-01,노원구,103479.0,2021-03-01 00:00:00,노원구,14.0
959,2021-03-01,도봉구,71555.0,2021-03-01 00:00:00,도봉구,2.0
960,2021-03-01,동대문구,48542.0,2021-03-01 00:00:00,동대문구,4.0
961,2021-03-01,동작구,38937.0,2021-03-01 00:00:00,동작구,2.0
962,2021-03-01,마포구,98382.0,2021-03-01 00:00:00,마포구,9.0
963,2021-03-01,서대문구,80195.0,2021-03-01 00:00:00,서대문구,3.0
964,2021-03-01,서초구,102427.0,2021-03-01 00:00:00,서초구,4.0
965,2021-03-01,성동구,52689.0,2021-03-01 00:00:00,성동구,5.0
966,2021-03-01,성북구,83125.0,2021-03-01 00:00:00,성북구,2.0
967,2021-03-01,송파구,155470.0,2021-03-01 00:00:00,송파구,19.0
968,2021-03-01,양천구,65840.0,2021-03-01 00:00:00,양천구,2.0
969,2021-03-01,영등포구,79053.0,2021-03-01 00:00:00,영등포구,11.0
970,2021-03-01,용산구,61501.0,2021-03-01 00:00:00,용산구,5.0
971,2021-03-01,은평구,52340.0,2021-03-01 00:00:00,은평구,6.0
972,2021-03-01,종로구,124739.0,0,0,0.0
973,2021-03-01,중구,96777.0,2021-03-01 00:00:00,중구,2.0
974,2021-03-01,중랑구,56529.0,2021-03-01 00:00:00,중랑구,13.0
975,2021-04-01,강남구,105143.0,2021-04-01 00:00:00,강남구,21.0
976,2021-04-01,강동구,72959.0,2021-04-01 00:00:00,강동구,5.0
977,2021-04-01,강북구,82614.0,2021-04-01 00:00:00,강북구,9.0
978,2021-04-01,강서구,166357.0,2021-04-01 00:00:00,강서구,12.0
979,2021-04-01,관악구,56862.0,2021-04-01 00:00:00,관악구,2.0
980,2021-04-01,광진구,69495.0,2021-04-01 00:00:00,광진구,11.0
981,2021-04-01,구로구,120897.0,2021-04-01 00:00:00,구로구,8.0
982,2021-04-01,금천구,100383.0,2021-04-01 00:00:00,금천구,3.0
983,2021-04-01,노원구,144972.0,2021-04-01 00:00:00,노원구,14.0
984,2021-04-01,도봉구,96214.0,2021-04-01 00:00:00,도봉구,7.0
985,2021-04-01,동대문구,66250.0,2021-04-01 00:00:00,동대문구,13.0
986,2021-04-01,동작구,53343.0,2021-04-01 00:00:00,동작구,4.0
987,2021-04-01,마포구,135672.0,2021-04-01 00:00:00,마포구,6.0
988,2021-04-01,서대문구,108539.0,2021-04-01 00:00:00,서대문구,2.0
989,2021-04-01,서초구,138780.0,2021-04-01 00:00:00,서초구,2.0
990,2021-04-01,성동구,70499.0,2021-04-01 00:00:00,성동구,14.0
991,2021-04-01,성북구,115831.0,2021-04-01 00:00:00,성북구,2.0
992,2021-04-01,송파구,212503.0,2021-04-01 00:00:00,송파구,16.0
993,2021-04-01,양천구,91879.0,2021-04-01 00:00:00,양천구,11.0
994,2021-04-01,영등포구,109954.0,2021-04-01 00:00:00,영등포구,22.0
995,2021-04-01,용산구,83079.0,2021-04-01 00:00:00,용산구,4.0
996,2021-04-01,은평구,76959.0,2021-04-01 00:00:00,은평구,8.0
997,2021-04-01,종로구,168495.0,0,0,0.0
998,2021-04-01,중구,129817.0,2021-04-01 00:00:00,중구,3.0
999,2021-04-01,중랑구,76293.0,2021-04-01 00:00:00,중랑구,9.0
1000,2021-05-01,강남구,97597.0,2021-05-01 00:00:00,강남구,11.0
1001,2021-05-01,강동구,68987.0,2021-05-01 00:00:00,강동구,7.0
1002,2021-05-01,강북구,79793.0,2021-05-01 00:00:00,강북구,7.0
1003,2021-05-01,강서구,158564.0,2021-05-01 00:00:00,강서구,12.0
1004,2021-05-01,관악구,55998.0,2021-05-01 00:00:00,관악구,4.0
1005,2021-05-01,광진구,66628.0,2021-05-01 00:00:00,광진구,7.0
1006,2021-05-01,구로구,109676.0,2021-05-01 00:00:00,구로구,4.0
1007,2021-05-01,금천구,96756.0,2021-05-01 00:00:00,금천구,3.0
1008,2021-05-01,노원구,135570.0,2021-05-01 00:00:00,노원구,7.0
1009,2021-05-01,도봉구,97218.0,2021-05-01 00:00:00,도봉구,3.0
1010,2021-05-01,동대문구,62911.0,2021-05-01 00:00:00,동대문구,7.0
1011,2021-05-01,동작구,49340.0,2021-05-01 00:00:00,동작구,8.0
1012,2021-05-01,마포구,133891.0,2021-05-01 00:00:00,마포구,3.0
1013,2021-05-01,서대문구,105226.0,2021-05-01 00:00:00,서대문구,6.0
1014,2021-05-01,서초구,129281.0,2021-05-01 00:00:00,서초구,7.0
1015,2021-05-01,성동구,66718.0,2021-05-01 00:00:00,성동구,5.0
1016,2021-05-01,성북구,106283.0,2021-05-01 00:00:00,성북구,5.0
1017,2021-05-01,송파구,206773.0,2021-05-01 00:00:00,송파구,23.0
1018,2021-05-01,양천구,87986.0,2021-05-01 00:00:00,양천구,7.0
1019,2021-05-01,영등포구,103876.0,2021-05-01 00:00:00,영등포구,22.0
1020,2021-05-01,용산구,79716.0,2021-05-01 00:00:00,용산구,5.0
1021,2021-05-01,은평구,71826.0,2021-05-01 00:00:00,은평구,6.0
1022,2021-05-01,종로구,162098.0,2021-05-01 00:00:00,종로구,1.0
1023,2021-05-01,중구,124047.0,0,0,0.0
1024,2021-05-01,중랑구,72342.0,2021-05-01 00:00:00,중랑구,7.0
1025,2021-06-01,강남구,110487.0,2021-06-01 00:00:00,강남구,11.0
1026,2021-06-01,강동구,78343.0,2021-06-01 00:00:00,강동구,7.0
1027,2021-06-01,강북구,95735.0,2021-06-01 00:00:00,강북구,2.0
1028,2021-06-01,강서구,185379.0,2021-06-01 00:00:00,강서구,9.0
1029,2021-06-01,관악구,61342.0,2021-06-01 00:00:00,관악구,4.0
1030,2021-06-01,광진구,73653.0,2021-06-01 00:00:00,광진구,9.0
1031,2021-06-01,구로구,121810.0,2021-06-01 00:00:00,구로구,11.0
1032,2021-06-01,금천구,120545.0,2021-06-01 00:00:00,금천구,3.0
1033,2021-06-01,노원구,158926.0,2021-06-01 00:00:00,노원구,7.0
1034,2021-06-01,도봉구,114447.0,2021-06-01 00:00:00,도봉구,6.0
1035,2021-06-01,동대문구,72964.0,2021-06-01 00:00:00,동대문구,17.0
1036,2021-06-01,동작구,56728.0,2021-06-01 00:00:00,동작구,12.0
1037,2021-06-01,마포구,156009.0,2021-06-01 00:00:00,마포구,7.0
1038,2021-06-01,서대문구,123514.0,2021-06-01 00:00:00,서대문구,4.0
1039,2021-06-01,서초구,146966.0,2021-06-01 00:00:00,서초구,8.0
1040,2021-06-01,성동구,75660.0,2021-06-01 00:00:00,성동구,13.0
1041,2021-06-01,성북구,121281.0,2021-06-01 00:00:00,성북구,5.0
1042,2021-06-01,송파구,236233.0,2021-06-01 00:00:00,송파구,23.0
1043,2021-06-01,양천구,95685.0,2021-06-01 00:00:00,양천구,7.0
1044,2021-06-01,영등포구,120735.0,2021-06-01 00:00:00,영등포구,18.0
1045,2021-06-01,용산구,95766.0,2021-06-01 00:00:00,용산구,6.0
1046,2021-06-01,은평구,80586.0,2021-06-01 00:00:00,은평구,6.0
1047,2021-06-01,종로구,185808.0,2021-06-01 00:00:00,종로구,3.0
1048,2021-06-01,중구,137536.0,2021-06-01 00:00:00,중구,1.0
1049,2021-06-01,중랑구,83707.0,2021-06-01 00:00:00,중랑구,14.0
1050,2021-07-01,강남구,103352.0,2021-07-01 00:00:00,강남구,9.0
1051,2021-07-01,강동구,75399.0,2021-07-01 00:00:00,강동구,5.0
1052,2021-07-01,강북구,88805.0,2021-07-01 00:00:00,강북구,9.0
1053,2021-07-01,강서구,180270.0,2021-07-01 00:00:00,강서구,12.0
1054,2021-07-01,관악구,56905.0,2021-07-01 00:00:00,관악구,2.0
1055,2021-07-01,광진구,71339.0,2021-07-01 00:00:00,광진구,7.0
1056,2021-07-01,구로구,120733.0,2021-07-01 00:00:00,구로구,8.0
1057,2021-07-01,금천구,117367.0,2021-07-01 00:00:00,금천구,4.0
1058,2021-07-01,노원구,152140.0,2021-07-01 00:00:00,노원구,11.0
1059,2021-07-01,도봉구,108014.0,2021-07-01 00:00:00,도봉구,6.0
1060,2021-07-01,동대문구,68677.0,2021-07-01 00:00:00,동대문구,11.0
1061,2021-07-01,동작구,54729.0,2021-07-01 00:00:00,동작구,1.0
1062,2021-07-01,마포구,149721.0,2021-07-01 00:00:00,마포구,4.0
1063,2021-07-01,서대문구,115084.0,2021-07-01 00:00:00,서대문구,7.0
1064,2021-07-01,서초구,143412.0,2021-07-01 00:00:00,서초구,3.0
1065,2021-07-01,성동구,72364.0,2021-07-01 00:00:00,성동구,6.0
1066,2021-07-01,성북구,112708.0,2021-07-01 00:00:00,성북구,6.0
1067,2021-07-01,송파구,227350.0,2021-07-01 00:00:00,송파구,23.0
1068,2021-07-01,양천구,92729.0,2021-07-01 00:00:00,양천구,2.0
1069,2021-07-01,영등포구,118458.0,2021-07-01 00:00:00,영등포구,17.0
1070,2021-07-01,용산구,94003.0,2021-07-01 00:00:00,용산구,8.0
1071,2021-07-01,은평구,75537.0,2021-07-01 00:00:00,은평구,4.0
1072,2021-07-01,종로구,175802.0,2021-07-01 00:00:00,종로구,3.0
1073,2021-07-01,중구,131307.0,2021-07-01 00:00:00,중구,2.0
1074,2021-07-01,중랑구,80831.0,2021-07-01 00:00:00,중랑구,10.0
1075,2021-08-01,강남구,102172.0,2021-08-01 00:00:00,강남구,11.0
1076,2021-08-01,강동구,71419.0,2021-08-01 00:00:00,강동구,6.0
1077,2021-08-01,강북구,83476.0,2021-08-01 00:00:00,강북구,5.0
1078,2021-08-01,강서구,169610.0,2021-08-01 00:00:00,강서구,9.0
1079,2021-08-01,관악구,53825.0,2021-08-01 00:00:00,관악구,5.0
1080,2021-08-01,광진구,68574.0,2021-08-01 00:00:00,광진구,7.0
1081,2021-08-01,구로구,115901.0,2021-08-01 00:00:00,구로구,6.0
1082,2021-08-01,금천구,107526.0,2021-08-01 00:00:00,금천구,3.0
1083,2021-08-01,노원구,145739.0,2021-08-01 00:00:00,노원구,20.0
1084,2021-08-01,도봉구,100062.0,2021-08-01 00:00:00,도봉구,1.0
1085,2021-08-01,동대문구,64959.0,2021-08-01 00:00:00,동대문구,6.0
1086,2021-08-01,동작구,52491.0,2021-08-01 00:00:00,동작구,6.0
1087,2021-08-01,마포구,137491.0,2021-08-01 00:00:00,마포구,10.0
1088,2021-08-01,서대문구,109864.0,2021-08-01 00:00:00,서대문구,3.0
1089,2021-08-01,서초구,138658.0,2021-08-01 00:00:00,서초구,5.0
1090,2021-08-01,성동구,69657.0,2021-08-01 00:00:00,성동구,13.0
1091,2021-08-01,성북구,109228.0,2021-08-01 00:00:00,성북구,7.0
1092,2021-08-01,송파구,216221.0,2021-08-01 00:00:00,송파구,13.0
1093,2021-08-01,양천구,90388.0,2021-08-01 00:00:00,양천구,6.0
1094,2021-08-01,영등포구,112299.0,2021-08-01 00:00:00,영등포구,24.0
1095,2021-08-01,용산구,85798.0,2021-08-01 00:00:00,용산구,9.0
1096,2021-08-01,은평구,74702.0,2021-08-01 00:00:00,은평구,9.0
1097,2021-08-01,종로구,170542.0,2021-08-01 00:00:00,종로구,3.0
1098,2021-08-01,중구,127649.0,2021-08-01 00:00:00,중구,3.0
1099,2021-08-01,중랑구,75828.0,2021-08-01 00:00:00,중랑구,10.0
1100,2021-09-01,강남구,118295.0,2021-09-01 00:00:00,강남구,9.0
1101,2021-09-01,강동구,84332.0,2021-09-01 00:00:00,강동구,5.0
1102,2021-09-01,강북구,98162.0,0,0,0.0
1103,2021-09-01,강서구,191038.0,2021-09-01 00:00:00,강서구,12.0
1104,2021-09-01,관악구,56716.0,2021-09-01 00:00:00,관악구,3.0
1105,2021-09-01,광진구,75934.0,2021-09-01 00:00:00,광진구,8.0
1106,2021-09-01,구로구,136752.0,2021-09-01 00:00:00,구로구,11.0
1107,2021-09-01,금천구,122544.0,2021-09-01 00:00:00,금천구,5.0
1108,2021-09-01,노원구,167052.0,2021-09-01 00:00:00,노원구,12.0
1109,2021-09-01,도봉구,114878.0,2021-09-01 00:00:00,도봉구,5.0
1110,2021-09-01,동대문구,75696.0,2021-09-01 00:00:00,동대문구,10.0
1111,2021-09-01,동작구,56811.0,2021-09-01 00:00:00,동작구,4.0
1112,2021-09-01,마포구,150390.0,2021-09-01 00:00:00,마포구,4.0
1113,2021-09-01,서대문구,129045.0,2021-09-01 00:00:00,서대문구,4.0
1114,2021-09-01,서초구,147661.0,2021-09-01 00:00:00,서초구,1.0
1115,2021-09-01,성동구,77046.0,2021-09-01 00:00:00,성동구,10.0
1116,2021-09-01,성북구,133049.0,2021-09-01 00:00:00,성북구,4.0
1117,2021-09-01,송파구,246375.0,2021-09-01 00:00:00,송파구,25.0
1118,2021-09-01,양천구,104353.0,2021-09-01 00:00:00,양천구,8.0
1119,2021-09-01,영등포구,129280.0,2021-09-01 00:00:00,영등포구,22.0
1120,2021-09-01,용산구,98254.0,2021-09-01 00:00:00,용산구,2.0
1121,2021-09-01,은평구,85745.0,2021-09-01 00:00:00,은평구,4.0
1122,2021-09-01,종로구,194052.0,2021-09-01 00:00:00,종로구,4.0
1123,2021-09-01,중구,149155.0,2021-09-01 00:00:00,중구,3.0
1124,2021-09-01,중랑구,85148.0,2021-09-01 00:00:00,중랑구,6.0
1125,2021-10-01,강남구,103281.0,2021-10-01 00:00:00,강남구,5.0
1126,2021-10-01,강동구,74750.0,2021-10-01 00:00:00,강동구,6.0
1127,2021-10-01,강북구,87849.0,2021-10-01 00:00:00,강북구,7.0
1128,2021-10-01,강서구,177313.0,2021-10-01 00:00:00,강서구,9.0
1129,2021-10-01,관악구,51235.0,2021-10-01 00:00:00,관악구,1.0
1130,2021-10-01,광진구,70945.0,2021-10-01 00:00:00,광진구,6.0
1131,2021-10-01,구로구,122824.0,2021-10-01 00:00:00,구로구,3.0
1132,2021-10-01,금천구,114624.0,2021-10-01 00:00:00,금천구,2.0
1133,2021-10-01,노원구,155132.0,2021-10-01 00:00:00,노원구,9.0
1134,2021-10-01,도봉구,109863.0,2021-10-01 00:00:00,도봉구,7.0
1135,2021-10-01,동대문구,68807.0,2021-10-01 00:00:00,동대문구,7.0
1136,2021-10-01,동작구,51508.0,2021-10-01 00:00:00,동작구,2.0
1137,2021-10-01,마포구,140191.0,2021-10-01 00:00:00,마포구,4.0
1138,2021-10-01,서대문구,120207.0,2021-10-01 00:00:00,서대문구,1.0
1139,2021-10-01,서초구,127788.0,2021-10-01 00:00:00,서초구,9.0
1140,2021-10-01,성동구,67793.0,2021-10-01 00:00:00,성동구,4.0
1141,2021-10-01,성북구,117822.0,2021-10-01 00:00:00,성북구,4.0
1142,2021-10-01,송파구,225097.0,2021-10-01 00:00:00,송파구,22.0
1143,2021-10-01,양천구,94520.0,2021-10-01 00:00:00,양천구,2.0
1144,2021-10-01,영등포구,118105.0,2021-10-01 00:00:00,영등포구,18.0
1145,2021-10-01,용산구,94450.0,2021-10-01 00:00:00,용산구,6.0
1146,2021-10-01,은평구,74596.0,2021-10-01 00:00:00,은평구,4.0
1147,2021-10-01,종로구,181294.0,2021-10-01 00:00:00,종로구,2.0
1148,2021-10-01,중구,130134.0,2021-10-01 00:00:00,중구,1.0
1149,2021-10-01,중랑구,79957.0,2021-10-01 00:00:00,중랑구,11.0
1150,2021-11-01,강남구,81764.0,2021-11-01 00:00:00,강남구,6.0
1151,2021-11-01,강동구,57193.0,2021-11-01 00:00:00,강동구,5.0
1152,2021-11-01,강북구,71370.0,2021-11-01 00:00:00,강북구,5.0
1153,2021-11-01,강서구,136349.0,2021-11-01 00:00:00,강서구,5.0
1154,2021-11-01,관악구,39563.0,2021-11-01 00:00:00,관악구,4.0
1155,2021-11-01,광진구,57292.0,2021-11-01 00:00:00,광진구,6.0
1156,2021-11-01,구로구,98250.0,2021-11-01 00:00:00,구로구,6.0
1157,2021-11-01,금천구,91857.0,2021-11-01 00:00:00,금천구,1.0
1158,2021-11-01,노원구,121911.0,2021-11-01 00:00:00,노원구,8.0
1159,2021-11-01,도봉구,86634.0,0,0,0.0
1160,2021-11-01,동대문구,54683.0,2021-11-01 00:00:00,동대문구,2.0
1161,2021-11-01,동작구,41158.0,2021-11-01 00:00:00,동작구,6.0
1162,2021-11-01,마포구,108421.0,2021-11-01 00:00:00,마포구,4.0
1163,2021-11-01,서대문구,95457.0,2021-11-01 00:00:00,서대문구,3.0
1164,2021-11-01,서초구,100146.0,2021-11-01 00:00:00,서초구,4.0
1165,2021-11-01,성동구,55637.0,2021-11-01 00:00:00,성동구,5.0
1166,2021-11-01,성북구,90270.0,2021-11-01 00:00:00,성북구,5.0
1167,2021-11-01,송파구,178148.0,2021-11-01 00:00:00,송파구,11.0
1168,2021-11-01,양천구,71263.0,2021-11-01 00:00:00,양천구,6.0
1169,2021-11-01,영등포구,93124.0,2021-11-01 00:00:00,영등포구,17.0
1170,2021-11-01,용산구,78675.0,0,0,0.0
1171,2021-11-01,은평구,58635.0,2021-11-01 00:00:00,은평구,3.0
1172,2021-11-01,종로구,140232.0,2021-11-01 00:00:00,종로구,1.0
1173,2021-11-01,중구,99779.0,2021-11-01 00:00:00,중구,1.0
1174,2021-11-01,중랑구,65134.0,2021-11-01 00:00:00,중랑구,4.0
1175,2021-12-01,강남구,53028.0,2021-12-01 00:00:00,강남구,3.0
1176,2021-12-01,강동구,36471.0,2021-12-01 00:00:00,강동구,1.0
1177,2021-12-01,강북구,48052.0,2021-12-01 00:00:00,강북구,2.0
1178,2021-12-01,강서구,90414.0,2021-12-01 00:00:00,강서구,6.0
1179,2021-12-01,관악구,25582.0,0,0,0.0
1180,2021-12-01,광진구,37677.0,2021-12-01 00:00:00,광진구,1.0
1181,2021-12-01,구로구,65565.0,2021-12-01 00:00:00,구로구,2.0
1182,2021-12-01,금천구,63838.0,2021-12-01 00:00:00,금천구,2.0
1183,2021-12-01,노원구,78684.0,2021-12-01 00:00:00,노원구,7.0
1184,2021-12-01,도봉구,56933.0,2021-12-01 00:00:00,도봉구,2.0
1185,2021-12-01,동대문구,35677.0,2021-12-01 00:00:00,동대문구,9.0
1186,2021-12-01,동작구,25830.0,2021-12-01 00:00:00,동작구,2.0
1187,2021-12-01,마포구,76209.0,0,0,0.0
1188,2021-12-01,서대문구,63210.0,2021-12-01 00:00:00,서대문구,1.0
1189,2021-12-01,서초구,65596.0,2021-12-01 00:00:00,서초구,1.0
1190,2021-12-01,성동구,36031.0,2021-12-01 00:00:00,성동구,5.0
1191,2021-12-01,성북구,57721.0,2021-12-01 00:00:00,성북구,2.0
1192,2021-12-01,송파구,118476.0,2021-12-01 00:00:00,송파구,11.0
1193,2021-12-01,양천구,44438.0,2021-12-01 00:00:00,양천구,2.0
1194,2021-12-01,영등포구,59519.0,2021-12-01 00:00:00,영등포구,10.0
1195,2021-12-01,용산구,53807.0,0,0,0.0
1196,2021-12-01,은평구,36912.0,2021-12-01 00:00:00,은평구,2.0
1197,2021-12-01,종로구,93950.0,0,0,0.0
1198,2021-12-01,중구,66182.0,2021-12-01 00:00:00,중구,1.0
1199,2021-12-01,중랑구,42027.0,2021-12-01 00:00:00,중랑구,4.0
1200,2022-01-01,강남구,41695.0,2022-01-01 00:00:00,강남구,2.0
1201,2022-01-01,강동구,28002.0,2022-01-01 00:00:00,강동구,1.0
1202,2022-01-01,강북구,36823.0,2022-01-01 00:00:00,강북구,4.0
1203,2022-01-01,강서구,69277.0,2022-01-01 00:00:00,강서구,7.0
1204,2022-01-01,관악구,20535.0,2022-01-01 00:00:00,관악구,2.0
1205,2022-01-01,광진구,28377.0,2022-01-01 00:00:00,광진구,1.0
1206,2022-01-01,구로구,50119.0,0,0,0.0
1207,2022-01-01,금천구,48150.0,2022-01-01 00:00:00,금천구,3.0
1208,2022-01-01,노원구,60725.0,2022-01-01 00:00:00,노원구,6.0
1209,2022-01-01,도봉구,42824.0,2022-01-01 00:00:00,도봉구,1.0
1210,2022-01-01,동대문구,27616.0,2022-01-01 00:00:00,동대문구,7.0
1211,2022-01-01,동작구,19617.0,2022-01-01 00:00:00,동작구,3.0
1212,2022-01-01,마포구,57975.0,2022-01-01 00:00:00,마포구,2.0
1213,2022-01-01,서대문구,48709.0,2022-01-01 00:00:00,서대문구,1.0
1214,2022-01-01,서초구,49908.0,2022-01-01 00:00:00,서초구,2.0
1215,2022-01-01,성동구,28920.0,2022-01-01 00:00:00,성동구,3.0
1216,2022-01-01,성북구,45030.0,2022-01-01 00:00:00,성북구,2.0
1217,2022-01-01,송파구,90314.0,2022-01-01 00:00:00,송파구,8.0
1218,2022-01-01,양천구,34682.0,2022-01-01 00:00:00,양천구,4.0
1219,2022-01-01,영등포구,46188.0,2022-01-01 00:00:00,영등포구,7.0
1220,2022-01-01,용산구,41245.0,2022-01-01 00:00:00,용산구,2.0
1221,2022-01-01,은평구,28557.0,2022-01-01 00:00:00,은평구,2.0
1222,2022-01-01,종로구,73524.0,2022-01-01 00:00:00,종로구,2.0
1223,2022-01-01,중구,51710.0,0,0,0.0
1224,2022-01-01,중랑구,31925.0,2022-01-01 00:00:00,중랑구,3.0
1225,2022-02-01,강남구,40296.0,2022-02-01 00:00:00,강남구,2.0
1226,2022-02-01,강동구,27335.0,2022-02-01 00:00:00,강동구,1.0
1227,2022-02-01,강북구,34084.0,2022-02-01 00:00:00,강북구,2.0
1228,2022-02-01,강서구,66356.0,2022-02-01 00:00:00,강서구,6.0
1229,2022-02-01,관악구,20344.0,2022-02-01 00:00:00,관악구,4.0
1230,2022-02-01,광진구,25123.0,2022-02-01 00:00:00,광진구,3.0
1231,2022-02-01,구로구,47065.0,2022-02-01 00:00:00,구로구,2.0
1232,2022-02-01,금천구,43929.0,2022-02-01 00:00:00,금천구,2.0
1233,2022-02-01,노원구,57328.0,2022-02-01 00:00:00,노원구,2.0
1234,2022-02-01,도봉구,39392.0,0,0,0.0
1235,2022-02-01,동대문구,26025.0,2022-02-01 00:00:00,동대문구,3.0
1236,2022-02-01,동작구,18734.0,2022-02-01 00:00:00,동작구,2.0
1237,2022-02-01,마포구,53791.0,0,0,0.0
1238,2022-02-01,서대문구,46534.0,2022-02-01 00:00:00,서대문구,2.0
1239,2022-02-01,서초구,48706.0,2022-02-01 00:00:00,서초구,1.0
1240,2022-02-01,성동구,27166.0,2022-02-01 00:00:00,성동구,5.0
1241,2022-02-01,성북구,44003.0,2022-02-01 00:00:00,성북구,2.0
1242,2022-02-01,송파구,86662.0,2022-02-01 00:00:00,송파구,7.0
1243,2022-02-01,양천구,33942.0,2022-02-01 00:00:00,양천구,3.0
1244,2022-02-01,영등포구,43568.0,2022-02-01 00:00:00,영등포구,6.0
1245,2022-02-01,용산구,38459.0,2022-02-01 00:00:00,용산구,2.0
1246,2022-02-01,은평구,27352.0,2022-02-01 00:00:00,은평구,2.0
1247,2022-02-01,종로구,68431.0,0,0,0.0
1248,2022-02-01,중구,48072.0,2022-02-01 00:00:00,중구,1.0
1249,2022-02-01,중랑구,30648.0,2022-02-01 00:00:00,중랑구,2.0
1250,2022-03-01,강남구,72813.0,2022-03-01 00:00:00,강남구,9.0
1251,2022-03-01,강동구,50805.0,2022-03-01 00:00:00,강동구,2.0
1252,2022-03-01,강북구,60965.0,2022-03-01 00:00:00,강북구,1.0
1253,2022-03-01,강서구,118539.0,2022-03-01 00:00:00,강서구,6.0
1254,2022-03-01,관악구,37138.0,2022-03-01 00:00:00,관악구,3.0
1255,2022-03-01,광진구,46277.0,2022-03-01 00:00:00,광진구,2.0
1256,2022-03-01,구로구,84767.0,2022-03-01 00:00:00,구로구,4.0
1257,2022-03-01,금천구,75188.0,2022-03-01 00:00:00,금천구,3.0
1258,2022-03-01,노원구,103382.0,2022-03-01 00:00:00,노원구,5.0
1259,2022-03-01,도봉구,68940.0,2022-03-01 00:00:00,도봉구,1.0
1260,2022-03-01,동대문구,46165.0,2022-03-01 00:00:00,동대문구,8.0
1261,2022-03-01,동작구,36296.0,2022-03-01 00:00:00,동작구,5.0
1262,2022-03-01,마포구,94390.0,2022-03-01 00:00:00,마포구,6.0
1263,2022-03-01,서대문구,83740.0,0,0,0.0
1264,2022-03-01,서초구,88829.0,2022-03-01 00:00:00,서초구,4.0
1265,2022-03-01,성동구,50236.0,2022-03-01 00:00:00,성동구,5.0
1266,2022-03-01,성북구,78959.0,2022-03-01 00:00:00,성북구,4.0
1267,2022-03-01,송파구,154021.0,2022-03-01 00:00:00,송파구,13.0
1268,2022-03-01,양천구,61145.0,2022-03-01 00:00:00,양천구,2.0
1269,2022-03-01,영등포구,76470.0,2022-03-01 00:00:00,영등포구,8.0
1270,2022-03-01,용산구,64812.0,2022-03-01 00:00:00,용산구,2.0
1271,2022-03-01,은평구,47732.0,2022-03-01 00:00:00,은평구,5.0
1272,2022-03-01,종로구,118038.0,2022-03-01 00:00:00,종로구,1.0
1273,2022-03-01,중구,87039.0,0,0,0.0
1274,2022-03-01,중랑구,54692.0,2022-03-01 00:00:00,중랑구,5.0
1275,2022-04-01,강남구,118226.0,2022-04-01 00:00:00,강남구,7.0
1276,2022-04-01,강동구,84897.0,2022-04-01 00:00:00,강동구,10.0
1277,2022-04-01,강북구,99270.0,2022-04-01 00:00:00,강북구,2.0
1278,2022-04-01,강서구,195390.0,2022-04-01 00:00:00,강서구,14.0
1279,2022-04-01,관악구,64202.0,2022-04-01 00:00:00,관악구,4.0
1280,2022-04-01,광진구,72902.0,2022-04-01 00:00:00,광진구,6.0
1281,2022-04-01,구로구,142570.0,2022-04-01 00:00:00,구로구,4.0
1282,2022-04-01,금천구,119499.0,2022-04-01 00:00:00,금천구,2.0
1283,2022-04-01,노원구,172351.0,2022-04-01 00:00:00,노원구,11.0
1284,2022-04-01,도봉구,110348.0,2022-04-01 00:00:00,도봉구,4.0
1285,2022-04-01,동대문구,76572.0,2022-04-01 00:00:00,동대문구,6.0
1286,2022-04-01,동작구,59408.0,2022-04-01 00:00:00,동작구,5.0
1287,2022-04-01,마포구,153114.0,2022-04-01 00:00:00,마포구,5.0
1288,2022-04-01,서대문구,139777.0,2022-04-01 00:00:00,서대문구,3.0
1289,2022-04-01,서초구,144756.0,2022-04-01 00:00:00,서초구,4.0
1290,2022-04-01,성동구,81555.0,2022-04-01 00:00:00,성동구,8.0
1291,2022-04-01,성북구,136490.0,2022-04-01 00:00:00,성북구,4.0
1292,2022-04-01,송파구,250859.0,2022-04-01 00:00:00,송파구,10.0
1293,2022-04-01,양천구,104756.0,2022-04-01 00:00:00,양천구,5.0
1294,2022-04-01,영등포구,124910.0,2022-04-01 00:00:00,영등포구,23.0
1295,2022-04-01,용산구,101647.0,2022-04-01 00:00:00,용산구,3.0
1296,2022-04-01,은평구,85119.0,2022-04-01 00:00:00,은평구,6.0
1297,2022-04-01,종로구,186158.0,2022-04-01 00:00:00,종로구,4.0
1298,2022-04-01,중구,142274.0,2022-04-01 00:00:00,중구,1.0
1299,2022-04-01,중랑구,87517.0,2022-04-01 00:00:00,중랑구,11.0
1300,2022-05-01,강남구,147219.0,2022-05-01 00:00:00,강남구,10.0
1301,2022-05-01,강동구,106775.0,2022-05-01 00:00:00,강동구,6.0
1302,2022-05-01,강북구,127762.0,2022-05-01 00:00:00,강북구,6.0
1303,2022-05-01,강서구,244186.0,2022-05-01 00:00:00,강서구,12.0
1304,2022-05-01,관악구,77459.0,2022-05-01 00:00:00,관악구,3.0
1305,2022-05-01,광진구,91408.0,2022-05-01 00:00:00,광진구,5.0
1306,2022-05-01,구로구,169857.0,2022-05-01 00:00:00,구로구,11.0
1307,2022-05-01,금천구,149449.0,2022-05-01 00:00:00,금천구,1.0
1308,2022-05-01,노원구,212343.0,2022-05-01 00:00:00,노원구,7.0
1309,2022-05-01,도봉구,143050.0,2022-05-01 00:00:00,도봉구,8.0
1310,2022-05-01,동대문구,94062.0,2022-05-01 00:00:00,동대문구,19.0
1311,2022-05-01,동작구,73230.0,2022-05-01 00:00:00,동작구,11.0
1312,2022-05-01,마포구,196950.0,2022-05-01 00:00:00,마포구,8.0
1313,2022-05-01,서대문구,171188.0,2022-05-01 00:00:00,서대문구,5.0
1314,2022-05-01,서초구,174462.0,2022-05-01 00:00:00,서초구,12.0
1315,2022-05-01,성동구,101205.0,2022-05-01 00:00:00,성동구,15.0
1316,2022-05-01,성북구,163706.0,2022-05-01 00:00:00,성북구,5.0
1317,2022-05-01,송파구,316182.0,2022-05-01 00:00:00,송파구,37.0
1318,2022-05-01,양천구,130927.0,2022-05-01 00:00:00,양천구,4.0
1319,2022-05-01,영등포구,156038.0,2022-05-01 00:00:00,영등포구,21.0
1320,2022-05-01,용산구,128435.0,2022-05-01 00:00:00,용산구,5.0
1321,2022-05-01,은평구,107639.0,2022-05-01 00:00:00,은평구,6.0
1322,2022-05-01,종로구,231016.0,2022-05-01 00:00:00,종로구,2.0
1323,2022-05-01,중구,173884.0,2022-05-01 00:00:00,중구,3.0
1324,2022-05-01,중랑구,108161.0,2022-05-01 00:00:00,중랑구,10.0
1325,2022-06-01,강남구,127062.0,2022-06-01 00:00:00,강남구,16.0
1326,2022-06-01,강동구,90487.0,2022-06-01 00:00:00,강동구,8.0
1327,2022-06-01,강북구,110800.0,2022-06-01 00:00:00,강북구,2.0
1328,2022-06-01,강서구,207985.0,2022-06-01 00:00:00,강서구,21.0
1329,2022-06-01,관악구,63834.0,2022-06-01 00:00:00,관악구,6.0
1330,2022-06-01,광진구,78618.0,2022-06-01 00:00:00,광진구,8.0
1331,2022-06-01,구로구,140816.0,2022-06-01 00:00:00,구로구,9.0
1332,2022-06-01,금천구,132195.0,2022-06-01 00:00:00,금천구,3.0
1333,2022-06-01,노원구,178971.0,2022-06-01 00:00:00,노원구,11.0
1334,2022-06-01,도봉구,124824.0,2022-06-01 00:00:00,도봉구,8.0
1335,2022-06-01,동대문구,78781.0,2022-06-01 00:00:00,동대문구,11.0
1336,2022-06-01,동작구,60634.0,2022-06-01 00:00:00,동작구,7.0
1337,2022-06-01,마포구,171773.0,2022-06-01 00:00:00,마포구,4.0
1338,2022-06-01,서대문구,140451.0,2022-06-01 00:00:00,서대문구,7.0
1339,2022-06-01,서초구,147227.0,2022-06-01 00:00:00,서초구,5.0
1340,2022-06-01,성동구,85994.0,2022-06-01 00:00:00,성동구,5.0
1341,2022-06-01,성북구,132067.0,2022-06-01 00:00:00,성북구,6.0
1342,2022-06-01,송파구,268532.0,2022-06-01 00:00:00,송파구,23.0
1343,2022-06-01,양천구,111799.0,2022-06-01 00:00:00,양천구,2.0
1344,2022-06-01,영등포구,133474.0,2022-06-01 00:00:00,영등포구,18.0
1345,2022-06-01,용산구,110349.0,2022-06-01 00:00:00,용산구,5.0
1346,2022-06-01,은평구,88172.0,2022-06-01 00:00:00,은평구,3.0
1347,2022-06-01,종로구,203831.0,2022-06-01 00:00:00,종로구,2.0
1348,2022-06-01,중구,142370.0,2022-06-01 00:00:00,중구,5.0
1349,2022-06-01,중랑구,92126.0,2022-06-01 00:00:00,중랑구,8.0
1350,2022-07-01,강남구,118788.0,2022-07-01 00:00:00,강남구,12.0
1351,2022-07-01,강동구,83193.0,2022-07-01 00:00:00,강동구,8.0
1352,2022-07-01,강북구,105081.0,2022-07-01 00:00:00,강북구,8.0
1353,2022-07-01,강서구,200386.0,2022-07-01 00:00:00,강서구,11.0
1354,2022-07-01,관악구,60975.0,2022-07-01 00:00:00,관악구,3.0
1355,2022-07-01,광진구,74998.0,2022-07-01 00:00:00,광진구,3.0
1356,2022-07-01,구로구,131648.0,2022-07-01 00:00:00,구로구,10.0
1357,2022-07-01,금천구,131179.0,2022-07-01 00:00:00,금천구,5.0
1358,2022-07-01,노원구,163816.0,2022-07-01 00:00:00,노원구,11.0
1359,2022-07-01,도봉구,118245.0,2022-07-01 00:00:00,도봉구,4.0
1360,2022-07-01,동대문구,74292.0,2022-07-01 00:00:00,동대문구,14.0
1361,2022-07-01,동작구,56860.0,2022-07-01 00:00:00,동작구,6.0
1362,2022-07-01,마포구,164392.0,2022-07-01 00:00:00,마포구,3.0
1363,2022-07-01,서대문구,130749.0,2022-07-01 00:00:00,서대문구,3.0
1364,2022-07-01,서초구,143119.0,2022-07-01 00:00:00,서초구,5.0
1365,2022-07-01,성동구,79728.0,2022-07-01 00:00:00,성동구,12.0
1366,2022-07-01,성북구,122804.0,2022-07-01 00:00:00,성북구,1.0
1367,2022-07-01,송파구,257242.0,2022-07-01 00:00:00,송파구,16.0
1368,2022-07-01,양천구,103971.0,2022-07-01 00:00:00,양천구,4.0
1369,2022-07-01,영등포구,127161.0,2022-07-01 00:00:00,영등포구,22.0
1370,2022-07-01,용산구,108902.0,2022-07-01 00:00:00,용산구,2.0
1371,2022-07-01,은평구,82135.0,2022-07-01 00:00:00,은평구,3.0
1372,2022-07-01,종로구,199596.0,2022-07-01 00:00:00,종로구,4.0
1373,2022-07-01,중구,137646.0,2022-07-01 00:00:00,중구,1.0
1374,2022-07-01,중랑구,89812.0,2022-07-01 00:00:00,중랑구,11.0
1375,2022-08-01,강남구,100783.0,2022-08-01 00:00:00,강남구,7.0
1376,2022-08-01,강동구,72834.0,2022-08-01 00:00:00,강동구,2.0
1377,2022-08-01,강북구,90163.0,2022-08-01 00:00:00,강북구,2.0
1378,2022-08-01,강서구,176186.0,2022-08-01 00:00:00,강서구,6.0
1379,2022-08-01,관악구,53297.0,2022-08-01 00:00:00,관악구,1.0
1380,2022-08-01,광진구,65095.0,2022-08-01 00:00:00,광진구,3.0
1381,2022-08-01,구로구,115803.0,2022-08-01 00:00:00,구로구,2.0
1382,2022-08-01,금천구,112197.0,2022-08-01 00:00:00,금천구,2.0
1383,2022-08-01,노원구,144863.0,2022-08-01 00:00:00,노원구,4.0
1384,2022-08-01,도봉구,100696.0,2022-08-01 00:00:00,도봉구,4.0
1385,2022-08-01,동대문구,66333.0,2022-08-01 00:00:00,동대문구,10.0
1386,2022-08-01,동작구,49639.0,2022-08-01 00:00:00,동작구,3.0
1387,2022-08-01,마포구,141664.0,2022-08-01 00:00:00,마포구,6.0
1388,2022-08-01,서대문구,114142.0,2022-08-01 00:00:00,서대문구,3.0
1389,2022-08-01,서초구,128544.0,2022-08-01 00:00:00,서초구,2.0
1390,2022-08-01,성동구,70850.0,2022-08-01 00:00:00,성동구,9.0
1391,2022-08-01,성북구,110017.0,2022-08-01 00:00:00,성북구,4.0
1392,2022-08-01,송파구,222780.0,2022-08-01 00:00:00,송파구,13.0
1393,2022-08-01,양천구,90689.0,2022-08-01 00:00:00,양천구,1.0
1394,2022-08-01,영등포구,109519.0,2022-08-01 00:00:00,영등포구,13.0
1395,2022-08-01,용산구,95209.0,2022-08-01 00:00:00,용산구,5.0
1396,2022-08-01,은평구,77123.0,2022-08-01 00:00:00,은평구,7.0
1397,2022-08-01,종로구,175235.0,2022-08-01 00:00:00,종로구,2.0
1398,2022-08-01,중구,122617.0,2022-08-01 00:00:00,중구,1.0
1399,2022-08-01,중랑구,78627.0,2022-08-01 00:00:00,중랑구,6.0
1400,2022-09-01,강남구,135373.0,2022-09-01 00:00:00,강남구,9.0
1401,2022-09-01,강동구,97595.0,2022-09-01 00:00:00,강동구,4.0
1402,2022-09-01,강북구,116188.0,2022-09-01 00:00:00,강북구,5.0
1403,2022-09-01,강서구,231549.0,2022-09-01 00:00:00,강서구,7.0
1404,2022-09-01,관악구,71518.0,2022-09-01 00:00:00,관악구,4.0
1405,2022-09-01,광진구,86559.0,2022-09-01 00:00:00,광진구,5.0
1406,2022-09-01,구로구,153932.0,2022-09-01 00:00:00,구로구,8.0
1407,2022-09-01,금천구,142812.0,2022-09-01 00:00:00,금천구,2.0
1408,2022-09-01,노원구,190255.0,2022-09-01 00:00:00,노원구,11.0
1409,2022-09-01,도봉구,131769.0,2022-09-01 00:00:00,도봉구,6.0
1410,2022-09-01,동대문구,88714.0,2022-09-01 00:00:00,동대문구,8.0
1411,2022-09-01,동작구,65939.0,2022-09-01 00:00:00,동작구,4.0
1412,2022-09-01,마포구,184499.0,2022-09-01 00:00:00,마포구,3.0
1413,2022-09-01,서대문구,156692.0,2022-09-01 00:00:00,서대문구,4.0
1414,2022-09-01,서초구,166789.0,2022-09-01 00:00:00,서초구,5.0
1415,2022-09-01,성동구,95686.0,2022-09-01 00:00:00,성동구,10.0
1416,2022-09-01,성북구,146757.0,2022-09-01 00:00:00,성북구,4.0
1417,2022-09-01,송파구,287362.0,2022-09-01 00:00:00,송파구,22.0
1418,2022-09-01,양천구,120960.0,2022-09-01 00:00:00,양천구,9.0
1419,2022-09-01,영등포구,141546.0,2022-09-01 00:00:00,영등포구,25.0
1420,2022-09-01,용산구,121421.0,2022-09-01 00:00:00,용산구,1.0
1421,2022-09-01,은평구,102691.0,2022-09-01 00:00:00,은평구,8.0
1422,2022-09-01,종로구,229431.0,2022-09-01 00:00:00,종로구,4.0
1423,2022-09-01,중구,159562.0,2022-09-01 00:00:00,중구,4.0
1424,2022-09-01,중랑구,100734.0,2022-09-01 00:00:00,중랑구,10.0
1425,2022-10-01,강남구,123317.0,2022-10-01 00:00:00,강남구,11.0
1426,2022-10-01,강동구,88290.0,2022-10-01 00:00:00,강동구,8.0
1427,2022-10-01,강북구,110470.0,2022-10-01 00:00:00,강북구,2.0
1428,2022-10-01,강서구,212979.0,2022-10-01 00:00:00,강서구,8.0
1429,2022-10-01,관악구,66311.0,2022-10-01 00:00:00,관악구,2.0
1430,2022-10-01,광진구,80974.0,2022-10-01 00:00:00,광진구,2.0
1431,2022-10-01,구로구,143178.0,2022-10-01 00:00:00,구로구,13.0
1432,2022-10-01,금천구,142508.0,2022-10-01 00:00:00,금천구,2.0
1433,2022-10-01,노원구,177438.0,2022-10-01 00:00:00,노원구,13.0
1434,2022-10-01,도봉구,127053.0,2022-10-01 00:00:00,도봉구,2.0
1435,2022-10-01,동대문구,84966.0,2022-10-01 00:00:00,동대문구,12.0
1436,2022-10-01,동작구,61512.0,2022-10-01 00:00:00,동작구,2.0
1437,2022-10-01,마포구,178276.0,2022-10-01 00:00:00,마포구,6.0
1438,2022-10-01,서대문구,148068.0,2022-10-01 00:00:00,서대문구,2.0
1439,2022-10-01,서초구,155375.0,2022-10-01 00:00:00,서초구,6.0
1440,2022-10-01,성동구,88040.0,2022-10-01 00:00:00,성동구,7.0
1441,2022-10-01,성북구,132329.0,2022-10-01 00:00:00,성북구,4.0
1442,2022-10-01,송파구,269070.0,2022-10-01 00:00:00,송파구,23.0
1443,2022-10-01,양천구,113675.0,2022-10-01 00:00:00,양천구,8.0
1444,2022-10-01,영등포구,132928.0,2022-10-01 00:00:00,영등포구,10.0
1445,2022-10-01,용산구,115062.0,0,0,0.0
1446,2022-10-01,은평구,91943.0,2022-10-01 00:00:00,은평구,4.0
1447,2022-10-01,종로구,208395.0,2022-10-01 00:00:00,종로구,4.0
1448,2022-10-01,중구,146427.0,2022-10-01 00:00:00,중구,2.0
1449,2022-10-01,중랑구,94244.0,2022-10-01 00:00:00,중랑구,10.0
1450,2022-11-01,강남구,105050.0,2022-11-01 00:00:00,강남구,3.0
1451,2022-11-01,강동구,72962.0,2022-11-01 00:00:00,강동구,2.0
1452,2022-11-01,강북구,95167.0,2022-11-01 00:00:00,강북구,4.0
1453,2022-11-01,강서구,184980.0,2022-11-01 00:00:00,강서구,7.0
1454,2022-11-01,관악구,56321.0,2022-11-01 00:00:00,관악구,4.0
1455,2022-11-01,광진구,67525.0,2022-11-01 00:00:00,광진구,2.0
1456,2022-11-01,구로구,125249.0,2022-11-01 00:00:00,구로구,11.0
1457,2022-11-01,금천구,124016.0,2022-11-01 00:00:00,금천구,3.0
1458,2022-11-01,노원구,149525.0,2022-11-01 00:00:00,노원구,3.0
1459,2022-11-01,도봉구,108806.0,2022-11-01 00:00:00,도봉구,3.0
1460,2022-11-01,동대문구,71518.0,2022-11-01 00:00:00,동대문구,6.0
1461,2022-11-01,동작구,52038.0,2022-11-01 00:00:00,동작구,3.0
1462,2022-11-01,마포구,151982.0,2022-11-01 00:00:00,마포구,2.0
1463,2022-11-01,서대문구,127480.0,2022-11-01 00:00:00,서대문구,3.0
1464,2022-11-01,서초구,131939.0,2022-11-01 00:00:00,서초구,2.0
1465,2022-11-01,성동구,75855.0,2022-11-01 00:00:00,성동구,4.0
1466,2022-11-01,성북구,114026.0,2022-11-01 00:00:00,성북구,2.0
1467,2022-11-01,송파구,226985.0,2022-11-01 00:00:00,송파구,17.0
1468,2022-11-01,양천구,96810.0,2022-11-01 00:00:00,양천구,2.0
1469,2022-11-01,영등포구,113303.0,2022-11-01 00:00:00,영등포구,16.0
1470,2022-11-01,용산구,101166.0,2022-11-01 00:00:00,용산구,3.0
1471,2022-11-01,은평구,76672.0,2022-11-01 00:00:00,은평구,4.0
1472,2022-11-01,종로구,181480.0,2022-11-01 00:00:00,종로구,4.0
1473,2022-11-01,중구,118635.0,2022-11-01 00:00:00,중구,5.0
1474,2022-11-01,중랑구,82681.0,2022-11-01 00:00:00,중랑구,8.0
1475,2022-12-01,강남구,47747.0,0,0,0.0
1476,2022-12-01,강동구,31058.0,2022-12-01 00:00:00,강동구,1.0
1477,2022-12-01,강북구,44493.0,2022-12-01 00:00:00,강북구,3.0
1478,2022-12-01,강서구,83914.0,2022-12-01 00:00:00,강서구,7.0
1479,2022-12-01,관악구,25588.0,0,0,0.0
1480,2022-12-01,광진구,31475.0,2022-12-01 00:00:00,광진구,1.0
1481,2022-12-01,구로구,58109.0,2022-12-01 00:00:00,구로구,6.0
1482,2022-12-01,금천구,60746.0,2022-12-01 00:00:00,금천구,2.0
1483,2022-12-01,노원구,65224.0,2022-12-01 00:00:00,노원구,1.0
1484,2022-12-01,도봉구,50711.0,0,0,0.0
1485,2022-12-01,동대문구,33118.0,2022-12-01 00:00:00,동대문구,10.0
1486,2022-12-01,동작구,22558.0,2022-12-01 00:00:00,동작구,3.0
1487,2022-12-01,마포구,72630.0,2022-12-01 00:00:00,마포구,4.0
1488,2022-12-01,서대문구,57215.0,2022-12-01 00:00:00,서대문구,1.0
1489,2022-12-01,서초구,59519.0,0,0,0.0
1490,2022-12-01,성동구,32460.0,2022-12-01 00:00:00,성동구,2.0
1491,2022-12-01,성북구,48833.0,2022-12-01 00:00:00,성북구,1.0
1492,2022-12-01,송파구,104960.0,2022-12-01 00:00:00,송파구,13.0
1493,2022-12-01,양천구,42553.0,2022-12-01 00:00:00,양천구,3.0
1494,2022-12-01,영등포구,48831.0,2022-12-01 00:00:00,영등포구,4.0
1495,2022-12-01,용산구,47908.0,0,0,0.0
1496,2022-12-01,은평구,32724.0,0,0,0.0
1497,2022-12-01,종로구,85698.0,2022-12-01 00:00:00,종로구,1.0
1498,2022-12-01,중구,55358.0,2022-12-01 00:00:00,중구,1.0
1499,2022-12-01,중랑구,37591.0,2022-12-01 00:00:00,중랑구,4.0
